"ref_area","source","indicator","sex","classif1","time","obs_value","obs_status","note_classif","note_indicator","note_source"
"GHA","BB:16203","EAR_EMTA_SEX_OCU_NB","SEX_T","OCU_SKILL_TOTAL","2024",2578.889,,,"T30:20","R1:3513"
"GHA","BB:16203","EAR_EMTA_SEX_OCU_NB","SEX_T","OCU_SKILL_L3-4","2024",3062.714,,,"T30:20","R1:3513"
"GHA","BB:16203","EAR_EMTA_SEX_OCU_NB","SEX_T","OCU_SKILL_L2","2024",2358.361,,,"T30:20","R1:3513"
"GHA","BB:16203","EAR_EMTA_SEX_OCU_NB","SEX_T","OCU_SKILL_L1","2024",2490.373,,,"T30:20","R1:3513"
"GHA","BB:16203","EAR_EMTA_SEX_OCU_NB","SEX_T","OCU_SKILL_X","2024",4193.769,,,"T30:20","R1:3513"
"GHA","BB:16203","EAR_EMTA_SEX_OCU_NB","SEX_M","OCU_SKILL_TOTAL","2024",2832.298,,,"T30:20","R1:3513"
"GHA","BB:16203","EAR_EMTA_SEX_OCU_NB","SEX_M","OCU_SKILL_L3-4","2024",3457.878,,,"T30:20","R1:3513"
"GHA","BB:16203","EAR_EMTA_SEX_OCU_NB","SEX_M","OCU_SKILL_L2","2024",2535.13,,,"T30:20","R1:3513"
"GHA","BB:16203","EAR_EMTA_SEX_OCU_NB","SEX_M","OCU_SKILL_L1","2024",2949.049,,,"T30:20","R1:3513"
"GHA","BB:16203","EAR_EMTA_SEX_OCU_NB","SEX_M","OCU_SKILL_X","2024",4201.79,,,"T30:20","R1:3513"
"GHA","BB:16203","EAR_EMTA_SEX_OCU_NB","SEX_F","OCU_SKILL_TOTAL","2024",2172.615,,,"T30:20","R1:3513"
"GHA","BB:16203","EAR_EMTA_SEX_OCU_NB","SEX_F","OCU_SKILL_L3-4","2024",2570.634,,,"T30:20","R1:3513"
"GHA","BB:16203","EAR_EMTA_SEX_OCU_NB","SEX_F","OCU_SKILL_L2","2024",2041.486,,,"T30:20","R1:3513"
"GHA","BB:16203","EAR_EMTA_SEX_OCU_NB","SEX_F","OCU_SKILL_L1","2024",1752.158,,,"T30:20","R1:3513"
"GHA","BB:16203","EAR_EMTA_SEX_OCU_NB","SEX_F","OCU_SKILL_X","2024",,"U",,"T30:20","R1:3513"
"GHA","BB:16203","EAR_EMTA_SEX_OCU_NB","SEX_T","OCU_ISCO08_TOTAL","2024",2578.889,,,"T30:20","R1:3513"
"GHA","BB:16203","EAR_EMTA_SEX_OCU_NB","SEX_T","OCU_ISCO08_1","2024",3929.227,,,"T30:20","R1:3513"
"GHA","BB:16203","EAR_EMTA_SEX_OCU_NB","SEX_T","OCU_ISCO08_2","2024",2969.798,,,"T30:20","R1:3513"
"GHA","BB:16203","EAR_EMTA_SEX_OCU_NB","SEX_T","OCU_ISCO08_3","2024",2755.78,,,"T30:20","R1:3513"
"GHA","BB:16203","EAR_EMTA_SEX_OCU_NB","SEX_T","OCU_ISCO08_4","2024",2212.795,,,"T30:20","R1:3513"
"GHA","BB:16203","EAR_EMTA_SEX_OCU_NB","SEX_T","OCU_ISCO08_5","2024",2031.514,,,"T30:20","R1:3513"
"GHA","BB:16203","EAR_EMTA_SEX_OCU_NB","SEX_T","OCU_ISCO08_6","2024",2281.832,,,"T30:20","R1:3513"
"GHA","BB:16203","EAR_EMTA_SEX_OCU_NB","SEX_T","OCU_ISCO08_7","2024",2944.734,,,"T30:20","R1:3513"
"GHA","BB:16203","EAR_EMTA_SEX_OCU_NB","SEX_T","OCU_ISCO08_8","2024",2594.554,,,"T30:20","R1:3513"
"GHA","BB:16203","EAR_EMTA_SEX_OCU_NB","SEX_T","OCU_ISCO08_9","2024",2490.373,,,"T30:20","R1:3513"
"GHA","BB:16203","EAR_EMTA_SEX_OCU_NB","SEX_T","OCU_ISCO08_0","2024",4193.769,,,"T30:20","R1:3513"
"GHA","BB:16203","EAR_EMTA_SEX_OCU_NB","SEX_M","OCU_ISCO08_TOTAL","2024",2832.298,,,"T30:20","R1:3513"
"GHA","BB:16203","EAR_EMTA_SEX_OCU_NB","SEX_M","OCU_ISCO08_1","2024",4006.158,,,"T30:20","R1:3513"
"GHA","BB:16203","EAR_EMTA_SEX_OCU_NB","SEX_M","OCU_ISCO08_2","2024",3484.49,,,"T30:20","R1:3513"
"GHA","BB:16203","EAR_EMTA_SEX_OCU_NB","SEX_M","OCU_ISCO08_3","2024",2910.335,,,"T30:20","R1:3513"
"GHA","BB:16203","EAR_EMTA_SEX_OCU_NB","SEX_M","OCU_ISCO08_4","2024",2332.953,,,"T30:20","R1:3513"
"GHA","BB:16203","EAR_EMTA_SEX_OCU_NB","SEX_M","OCU_ISCO08_5","2024",2061.315,,,"T30:20","R1:3513"
"GHA","BB:16203","EAR_EMTA_SEX_OCU_NB","SEX_M","OCU_ISCO08_6","2024",2418.461,,,"T30:20","R1:3513"
"GHA","BB:16203","EAR_EMTA_SEX_OCU_NB","SEX_M","OCU_ISCO08_7","2024",3115.128,,,"T30:20","R1:3513"
"GHA","BB:16203","EAR_EMTA_SEX_OCU_NB","SEX_M","OCU_ISCO08_8","2024",2589.795,,,"T30:20","R1:3513"
"GHA","BB:16203","EAR_EMTA_SEX_OCU_NB","SEX_M","OCU_ISCO08_9","2024",2949.049,,,"T30:20","R1:3513"
"GHA","BB:16203","EAR_EMTA_SEX_OCU_NB","SEX_M","OCU_ISCO08_0","2024",4201.79,,,"T30:20","R1:3513"
"GHA","BB:16203","EAR_EMTA_SEX_OCU_NB","SEX_F","OCU_ISCO08_TOTAL","2024",2172.615,,,"T30:20","R1:3513"
"GHA","BB:16203","EAR_EMTA_SEX_OCU_NB","SEX_F","OCU_ISCO08_1","2024",3765.875,,,"T30:20","R1:3513"
"GHA","BB:16203","EAR_EMTA_SEX_OCU_NB","SEX_F","OCU_ISCO08_2","2024",2449.806,,,"T30:20","R1:3513"
"GHA","BB:16203","EAR_EMTA_SEX_OCU_NB","SEX_F","OCU_ISCO08_3","2024",2416.414,,,"T30:20","R1:3513"
"GHA","BB:16203","EAR_EMTA_SEX_OCU_NB","SEX_F","OCU_ISCO08_4","2024",2101.66,,,"T30:20","R1:3513"
"GHA","BB:16203","EAR_EMTA_SEX_OCU_NB","SEX_F","OCU_ISCO08_5","2024",2007.814,,,"T30:20","R1:3513"
"GHA","BB:16203","EAR_EMTA_SEX_OCU_NB","SEX_F","OCU_ISCO08_6","2024",1906.33,,,"T30:20","R1:3513"
"GHA","BB:16203","EAR_EMTA_SEX_OCU_NB","SEX_F","OCU_ISCO08_7","2024",2140.966,,,"T30:20","R1:3513"
"GHA","BB:16203","EAR_EMTA_SEX_OCU_NB","SEX_F","OCU_ISCO08_8","2024",2734.438,,,"T30:20","R1:3513"
"GHA","BB:16203","EAR_EMTA_SEX_OCU_NB","SEX_F","OCU_ISCO08_9","2024",1752.158,,,"T30:20","R1:3513"
"GHA","BB:16203","EAR_EMTA_SEX_OCU_NB","SEX_F","OCU_ISCO08_0","2024",,"U",,"T30:20","R1:3513"
"GHA","BB:16203","EAR_EMTA_SEX_OCU_NB","SEX_T","OCU_SKILL_TOTAL","2023",3095.953,,,"T30:20","R1:3513"
"GHA","BB:16203","EAR_EMTA_SEX_OCU_NB","SEX_T","OCU_SKILL_L3-4","2023",4356.824,,,"T30:20","R1:3513"
"GHA","BB:16203","EAR_EMTA_SEX_OCU_NB","SEX_T","OCU_SKILL_L2","2023",2661.289,,,"T30:20","R1:3513"
"GHA","BB:16203","EAR_EMTA_SEX_OCU_NB","SEX_T","OCU_SKILL_L1","2023",2059.806,,,"T30:20","R1:3513"
"GHA","BB:16203","EAR_EMTA_SEX_OCU_NB","SEX_T","OCU_SKILL_X","2023",9789.373,,,"T30:20","R1:3513"
"GHA","BB:16203","EAR_EMTA_SEX_OCU_NB","SEX_M","OCU_SKILL_TOTAL","2023",3397.384,,,"T30:20","R1:3513"
"GHA","BB:16203","EAR_EMTA_SEX_OCU_NB","SEX_M","OCU_SKILL_L3-4","2023",4616.184,,,"T30:20","R1:3513"
"GHA","BB:16203","EAR_EMTA_SEX_OCU_NB","SEX_M","OCU_SKILL_L2","2023",2947.808,,,"T30:20","R1:3513"
"GHA","BB:16203","EAR_EMTA_SEX_OCU_NB","SEX_M","OCU_SKILL_L1","2023",2702.125,,,"T30:20","R1:3513"
"GHA","BB:16203","EAR_EMTA_SEX_OCU_NB","SEX_M","OCU_SKILL_X","2023",10575.256,,,"T30:20","R1:3513"
"GHA","BB:16203","EAR_EMTA_SEX_OCU_NB","SEX_F","OCU_SKILL_TOTAL","2023",2586.671,,,"T30:20","R1:3513"
"GHA","BB:16203","EAR_EMTA_SEX_OCU_NB","SEX_F","OCU_SKILL_L3-4","2023",4016.42,,,"T30:20","R1:3513"
"GHA","BB:16203","EAR_EMTA_SEX_OCU_NB","SEX_F","OCU_SKILL_L2","2023",2096.732,,,"T30:20","R1:3513"
"GHA","BB:16203","EAR_EMTA_SEX_OCU_NB","SEX_F","OCU_SKILL_L1","2023",1079.484,,,"T30:20","R1:3513"
"GHA","BB:16203","EAR_EMTA_SEX_OCU_NB","SEX_F","OCU_SKILL_X","2023",,"U",,"T30:20","R1:3513"
"GHA","BB:16203","EAR_EMTA_SEX_OCU_NB","SEX_T","OCU_ISCO08_TOTAL","2023",3095.953,,,"T30:20","R1:3513"
"GHA","BB:16203","EAR_EMTA_SEX_OCU_NB","SEX_T","OCU_ISCO08_1","2023",5274.689,,,"T30:20","R1:3513"
"GHA","BB:16203","EAR_EMTA_SEX_OCU_NB","SEX_T","OCU_ISCO08_2","2023",4327.847,,,"T30:20","R1:3513"
"GHA","BB:16203","EAR_EMTA_SEX_OCU_NB","SEX_T","OCU_ISCO08_3","2023",3751.746,,,"T30:20","R1:3513"
"GHA","BB:16203","EAR_EMTA_SEX_OCU_NB","SEX_T","OCU_ISCO08_4","2023",5052.398,,,"T30:20","R1:3513"
"GHA","BB:16203","EAR_EMTA_SEX_OCU_NB","SEX_T","OCU_ISCO08_5","2023",1800.551,,,"T30:20","R1:3513"
"GHA","BB:16203","EAR_EMTA_SEX_OCU_NB","SEX_T","OCU_ISCO08_6","2023",3110.048,,,"T30:20","R1:3513"
"GHA","BB:16203","EAR_EMTA_SEX_OCU_NB","SEX_T","OCU_ISCO08_7","2023",2973.003,,,"T30:20","R1:3513"
"GHA","BB:16203","EAR_EMTA_SEX_OCU_NB","SEX_T","OCU_ISCO08_8","2023",2873.801,,,"T30:20","R1:3513"
"GHA","BB:16203","EAR_EMTA_SEX_OCU_NB","SEX_T","OCU_ISCO08_9","2023",2059.806,,,"T30:20","R1:3513"
"GHA","BB:16203","EAR_EMTA_SEX_OCU_NB","SEX_T","OCU_ISCO08_0","2023",9789.373,,,"T30:20","R1:3513"
"GHA","BB:16203","EAR_EMTA_SEX_OCU_NB","SEX_M","OCU_ISCO08_TOTAL","2023",3397.384,,,"T30:20","R1:3513"
"GHA","BB:16203","EAR_EMTA_SEX_OCU_NB","SEX_M","OCU_ISCO08_1","2023",4521.659,,,"T30:20","R1:3513"
"GHA","BB:16203","EAR_EMTA_SEX_OCU_NB","SEX_M","OCU_ISCO08_2","2023",4833.46,,,"T30:20","R1:3513"
"GHA","BB:16203","EAR_EMTA_SEX_OCU_NB","SEX_M","OCU_ISCO08_3","2023",3929.14,,,"T30:20","R1:3513"
"GHA","BB:16203","EAR_EMTA_SEX_OCU_NB","SEX_M","OCU_ISCO08_4","2023",4904.512,,,"T30:20","R1:3513"
"GHA","BB:16203","EAR_EMTA_SEX_OCU_NB","SEX_M","OCU_ISCO08_5","2023",2304.604,,,"T30:20","R1:3513"
"GHA","BB:16203","EAR_EMTA_SEX_OCU_NB","SEX_M","OCU_ISCO08_6","2023",2206.936,,,"T30:20","R1:3513"
"GHA","BB:16203","EAR_EMTA_SEX_OCU_NB","SEX_M","OCU_ISCO08_7","2023",3380.806,,,"T30:20","R1:3513"
"GHA","BB:16203","EAR_EMTA_SEX_OCU_NB","SEX_M","OCU_ISCO08_8","2023",2878.75,,,"T30:20","R1:3513"
"GHA","BB:16203","EAR_EMTA_SEX_OCU_NB","SEX_M","OCU_ISCO08_9","2023",2702.125,,,"T30:20","R1:3513"
"GHA","BB:16203","EAR_EMTA_SEX_OCU_NB","SEX_M","OCU_ISCO08_0","2023",10575.256,,,"T30:20","R1:3513"
"GHA","BB:16203","EAR_EMTA_SEX_OCU_NB","SEX_F","OCU_ISCO08_TOTAL","2023",2586.671,,,"T30:20","R1:3513"
"GHA","BB:16203","EAR_EMTA_SEX_OCU_NB","SEX_F","OCU_ISCO08_1","2023",7119.019,,,"T30:20","R1:3513"
"GHA","BB:16203","EAR_EMTA_SEX_OCU_NB","SEX_F","OCU_ISCO08_2","2023",3778.973,,,"T30:20","R1:3513"
"GHA","BB:16203","EAR_EMTA_SEX_OCU_NB","SEX_F","OCU_ISCO08_3","2023",3397.981,,,"T30:20","R1:3513"
"GHA","BB:16203","EAR_EMTA_SEX_OCU_NB","SEX_F","OCU_ISCO08_4","2023",5191.132,,,"T30:20","R1:3513"
"GHA","BB:16203","EAR_EMTA_SEX_OCU_NB","SEX_F","OCU_ISCO08_5","2023",1386.103,,,"T30:20","R1:3513"
"GHA","BB:16203","EAR_EMTA_SEX_OCU_NB","SEX_F","OCU_ISCO08_6","2023",6852.08,,,"T30:20","R1:3513"
"GHA","BB:16203","EAR_EMTA_SEX_OCU_NB","SEX_F","OCU_ISCO08_7","2023",1082.39,,,"T30:20","R1:3513"
"GHA","BB:16203","EAR_EMTA_SEX_OCU_NB","SEX_F","OCU_ISCO08_8","2023",2683.221,,,"T30:20","R1:3513"
"GHA","BB:16203","EAR_EMTA_SEX_OCU_NB","SEX_F","OCU_ISCO08_9","2023",1079.484,,,"T30:20","R1:3513"
"GHA","BB:16203","EAR_EMTA_SEX_OCU_NB","SEX_F","OCU_ISCO08_0","2023",,"U",,"T30:20","R1:3513"
"GHA","BB:16203","EAR_EMTA_SEX_OCU_NB","SEX_T","OCU_SKILL_TOTAL","2022",1797.204,,,"T30:20","R1:3513"
"GHA","BB:16203","EAR_EMTA_SEX_OCU_NB","SEX_T","OCU_SKILL_L3-4","2022",2337.474,,,"T30:20","R1:3513"
"GHA","BB:16203","EAR_EMTA_SEX_OCU_NB","SEX_T","OCU_SKILL_L2","2022",1576.752,,,"T30:20","R1:3513"
"GHA","BB:16203","EAR_EMTA_SEX_OCU_NB","SEX_T","OCU_SKILL_L1","2022",1476.925,,,"T30:20","R1:3513"
"GHA","BB:16203","EAR_EMTA_SEX_OCU_NB","SEX_T","OCU_SKILL_X","2022",4215.79,,,"T30:20","R1:3513"
"GHA","BB:16203","EAR_EMTA_SEX_OCU_NB","SEX_M","OCU_SKILL_TOTAL","2022",2067.396,,,"T30:20","R1:3513"
"GHA","BB:16203","EAR_EMTA_SEX_OCU_NB","SEX_M","OCU_SKILL_L3-4","2022",2560.463,,,"T30:20","R1:3513"
"GHA","BB:16203","EAR_EMTA_SEX_OCU_NB","SEX_M","OCU_SKILL_L2","2022",1875.374,,,"T30:20","R1:3513"
"GHA","BB:16203","EAR_EMTA_SEX_OCU_NB","SEX_M","OCU_SKILL_L1","2022",1866.248,,,"T30:20","R1:3513"
"GHA","BB:16203","EAR_EMTA_SEX_OCU_NB","SEX_M","OCU_SKILL_X","2022",4229.491,,,"T30:20","R1:3513"
"GHA","BB:16203","EAR_EMTA_SEX_OCU_NB","SEX_F","OCU_SKILL_TOTAL","2022",1299.269,,,"T30:20","R1:3513"
"GHA","BB:16203","EAR_EMTA_SEX_OCU_NB","SEX_F","OCU_SKILL_L3-4","2022",2033.203,,,"T30:20","R1:3513"
"GHA","BB:16203","EAR_EMTA_SEX_OCU_NB","SEX_F","OCU_SKILL_L2","2022",912.033,,,"T30:20","R1:3513"
"GHA","BB:16203","EAR_EMTA_SEX_OCU_NB","SEX_F","OCU_SKILL_L1","2022",806.177,,,"T30:20","R1:3513"
"GHA","BB:16203","EAR_EMTA_SEX_OCU_NB","SEX_F","OCU_SKILL_X","2022",,"U",,"T30:20","R1:3513"
"GHA","BB:16203","EAR_EMTA_SEX_OCU_NB","SEX_T","OCU_ISCO08_TOTAL","2022",1797.204,,,"T30:20","R1:3513"
"GHA","BB:16203","EAR_EMTA_SEX_OCU_NB","SEX_T","OCU_ISCO08_1","2022",3990.02,,,"T30:20","R1:3513"
"GHA","BB:16203","EAR_EMTA_SEX_OCU_NB","SEX_T","OCU_ISCO08_2","2022",2038.785,,,"T30:20","R1:3513"
"GHA","BB:16203","EAR_EMTA_SEX_OCU_NB","SEX_T","OCU_ISCO08_3","2022",2400.358,,,"T30:20","R1:3513"
"GHA","BB:16203","EAR_EMTA_SEX_OCU_NB","SEX_T","OCU_ISCO08_4","2022",2215.81,,,"T30:20","R1:3513"
"GHA","BB:16203","EAR_EMTA_SEX_OCU_NB","SEX_T","OCU_ISCO08_5","2022",1086.344,,,"T30:20","R1:3513"
"GHA","BB:16203","EAR_EMTA_SEX_OCU_NB","SEX_T","OCU_ISCO08_6","2022",1073.659,,,"T30:20","R1:3513"
"GHA","BB:16203","EAR_EMTA_SEX_OCU_NB","SEX_T","OCU_ISCO08_7","2022",2237.911,,,"T30:20","R1:3513"
"GHA","BB:16203","EAR_EMTA_SEX_OCU_NB","SEX_T","OCU_ISCO08_8","2022",1623.349,,,"T30:20","R1:3513"
"GHA","BB:16203","EAR_EMTA_SEX_OCU_NB","SEX_T","OCU_ISCO08_9","2022",1476.925,,,"T30:20","R1:3513"
"GHA","BB:16203","EAR_EMTA_SEX_OCU_NB","SEX_T","OCU_ISCO08_0","2022",4215.79,,,"T30:20","R1:3513"
"GHA","BB:16203","EAR_EMTA_SEX_OCU_NB","SEX_M","OCU_ISCO08_TOTAL","2022",2067.396,,,"T30:20","R1:3513"
"GHA","BB:16203","EAR_EMTA_SEX_OCU_NB","SEX_M","OCU_ISCO08_1","2022",3619.356,,,"T30:20","R1:3513"
"GHA","BB:16203","EAR_EMTA_SEX_OCU_NB","SEX_M","OCU_ISCO08_2","2022",2314.936,,,"T30:20","R1:3513"
"GHA","BB:16203","EAR_EMTA_SEX_OCU_NB","SEX_M","OCU_ISCO08_3","2022",2590.752,,,"T30:20","R1:3513"
"GHA","BB:16203","EAR_EMTA_SEX_OCU_NB","SEX_M","OCU_ISCO08_4","2022",2657.032,,,"T30:20","R1:3513"
"GHA","BB:16203","EAR_EMTA_SEX_OCU_NB","SEX_M","OCU_ISCO08_5","2022",1449.663,,,"T30:20","R1:3513"
"GHA","BB:16203","EAR_EMTA_SEX_OCU_NB","SEX_M","OCU_ISCO08_6","2022",1159.889,,,"T30:20","R1:3513"
"GHA","BB:16203","EAR_EMTA_SEX_OCU_NB","SEX_M","OCU_ISCO08_7","2022",2489.456,,,"T30:20","R1:3513"
"GHA","BB:16203","EAR_EMTA_SEX_OCU_NB","SEX_M","OCU_ISCO08_8","2022",1639.457,,,"T30:20","R1:3513"
"GHA","BB:16203","EAR_EMTA_SEX_OCU_NB","SEX_M","OCU_ISCO08_9","2022",1866.248,,,"T30:20","R1:3513"
"GHA","BB:16203","EAR_EMTA_SEX_OCU_NB","SEX_M","OCU_ISCO08_0","2022",4229.491,,,"T30:20","R1:3513"
"GHA","BB:16203","EAR_EMTA_SEX_OCU_NB","SEX_F","OCU_ISCO08_TOTAL","2022",1299.269,,,"T30:20","R1:3513"
"GHA","BB:16203","EAR_EMTA_SEX_OCU_NB","SEX_F","OCU_ISCO08_1","2022",4785.524,,,"T30:20","R1:3513"
"GHA","BB:16203","EAR_EMTA_SEX_OCU_NB","SEX_F","OCU_ISCO08_2","2022",1732.801,,,"T30:20","R1:3513"
"GHA","BB:16203","EAR_EMTA_SEX_OCU_NB","SEX_F","OCU_ISCO08_3","2022",1933.633,,,"T30:20","R1:3513"
"GHA","BB:16203","EAR_EMTA_SEX_OCU_NB","SEX_F","OCU_ISCO08_4","2022",1730.263,,,"T30:20","R1:3513"
"GHA","BB:16203","EAR_EMTA_SEX_OCU_NB","SEX_F","OCU_ISCO08_5","2022",749.241,,,"T30:20","R1:3513"
"GHA","BB:16203","EAR_EMTA_SEX_OCU_NB","SEX_F","OCU_ISCO08_6","2022",826.553,,,"T30:20","R1:3513"
"GHA","BB:16203","EAR_EMTA_SEX_OCU_NB","SEX_F","OCU_ISCO08_7","2022",848.37,,,"T30:20","R1:3513"
"GHA","BB:16203","EAR_EMTA_SEX_OCU_NB","SEX_F","OCU_ISCO08_8","2022",849.938,,,"T30:20","R1:3513"
"GHA","BB:16203","EAR_EMTA_SEX_OCU_NB","SEX_F","OCU_ISCO08_9","2022",806.177,,,"T30:20","R1:3513"
"GHA","BB:16203","EAR_EMTA_SEX_OCU_NB","SEX_F","OCU_ISCO08_0","2022",,"U",,"T30:20","R1:3513"
"GHA","BB:3078","EAR_EMTA_SEX_OCU_NB","SEX_T","OCU_SKILL_TOTAL","2017",849.39,"B",,"T30:20_I11:264","R1:3513"
"GHA","BB:3078","EAR_EMTA_SEX_OCU_NB","SEX_T","OCU_SKILL_L3-4","2017",1192.008,"B",,"T30:20_I11:264","R1:3513"
"GHA","BB:3078","EAR_EMTA_SEX_OCU_NB","SEX_T","OCU_SKILL_L2","2017",732.09,"B",,"T30:20_I11:264","R1:3513"
"GHA","BB:3078","EAR_EMTA_SEX_OCU_NB","SEX_T","OCU_SKILL_L1","2017",468.706,"B",,"T30:20_I11:264","R1:3513"
"GHA","BB:3078","EAR_EMTA_SEX_OCU_NB","SEX_T","OCU_SKILL_X","2017",2374.822,"U",,"T30:20_I11:264","R1:3513"
"GHA","BB:3078","EAR_EMTA_SEX_OCU_NB","SEX_M","OCU_SKILL_TOTAL","2017",954.579,"B",,"T30:20_I11:264","R1:3513"
"GHA","BB:3078","EAR_EMTA_SEX_OCU_NB","SEX_M","OCU_SKILL_L3-4","2017",1317.612,"B",,"T30:20_I11:264","R1:3513"
"GHA","BB:3078","EAR_EMTA_SEX_OCU_NB","SEX_M","OCU_SKILL_L2","2017",839.671,"B",,"T30:20_I11:264","R1:3513"
"GHA","BB:3078","EAR_EMTA_SEX_OCU_NB","SEX_M","OCU_SKILL_L1","2017",589.429,"B",,"T30:20_I11:264","R1:3513"
"GHA","BB:3078","EAR_EMTA_SEX_OCU_NB","SEX_M","OCU_SKILL_X","2017",2374.822,"U",,"T30:20_I11:264","R1:3513"
"GHA","BB:3078","EAR_EMTA_SEX_OCU_NB","SEX_F","OCU_SKILL_TOTAL","2017",621.538,"B",,"T30:20_I11:264","R1:3513"
"GHA","BB:3078","EAR_EMTA_SEX_OCU_NB","SEX_F","OCU_SKILL_L3-4","2017",984.722,"B",,"T30:20_I11:264","R1:3513"
"GHA","BB:3078","EAR_EMTA_SEX_OCU_NB","SEX_F","OCU_SKILL_L2","2017",438.906,"B",,"T30:20_I11:264","R1:3513"
"GHA","BB:3078","EAR_EMTA_SEX_OCU_NB","SEX_F","OCU_SKILL_L1","2017",286.08,"B",,"T30:20_I11:264","R1:3513"
"GHA","BB:3078","EAR_EMTA_SEX_OCU_NB","SEX_T","OCU_ISCO08_TOTAL","2017",849.39,"B",,"T30:20_I11:264","R1:3513"
"GHA","BB:3078","EAR_EMTA_SEX_OCU_NB","SEX_T","OCU_ISCO08_1","2017",1818.525,"B",,"T30:20_I11:264","R1:3513"
"GHA","BB:3078","EAR_EMTA_SEX_OCU_NB","SEX_T","OCU_ISCO08_2","2017",1064.485,"B",,"T30:20_I11:264","R1:3513"
"GHA","BB:3078","EAR_EMTA_SEX_OCU_NB","SEX_T","OCU_ISCO08_3","2017",1143.075,"B",,"T30:20_I11:264","R1:3513"
"GHA","BB:3078","EAR_EMTA_SEX_OCU_NB","SEX_T","OCU_ISCO08_4","2017",782.889,"B",,"T30:20_I11:264","R1:3513"
"GHA","BB:3078","EAR_EMTA_SEX_OCU_NB","SEX_T","OCU_ISCO08_5","2017",553.436,"B",,"T30:20_I11:264","R1:3513"
"GHA","BB:3078","EAR_EMTA_SEX_OCU_NB","SEX_T","OCU_ISCO08_6","2017",828.16,"B",,"T30:20_I11:264","R1:3513"
"GHA","BB:3078","EAR_EMTA_SEX_OCU_NB","SEX_T","OCU_ISCO08_7","2017",756.337,"B",,"T30:20_I11:264","R1:3513"
"GHA","BB:3078","EAR_EMTA_SEX_OCU_NB","SEX_T","OCU_ISCO08_8","2017",905.506,"B",,"T30:20_I11:264","R1:3513"
"GHA","BB:3078","EAR_EMTA_SEX_OCU_NB","SEX_T","OCU_ISCO08_9","2017",468.706,"B",,"T30:20_I11:264","R1:3513"
"GHA","BB:3078","EAR_EMTA_SEX_OCU_NB","SEX_T","OCU_ISCO08_0","2017",2374.822,"U",,"T30:20_I11:264","R1:3513"
"GHA","BB:3078","EAR_EMTA_SEX_OCU_NB","SEX_M","OCU_ISCO08_TOTAL","2017",954.579,"B",,"T30:20_I11:264","R1:3513"
"GHA","BB:3078","EAR_EMTA_SEX_OCU_NB","SEX_M","OCU_ISCO08_1","2017",1888.692,"B",,"T30:20_I11:264","R1:3513"
"GHA","BB:3078","EAR_EMTA_SEX_OCU_NB","SEX_M","OCU_ISCO08_2","2017",1176.197,"B",,"T30:20_I11:264","R1:3513"
"GHA","BB:3078","EAR_EMTA_SEX_OCU_NB","SEX_M","OCU_ISCO08_3","2017",1267.272,"B",,"T30:20_I11:264","R1:3513"
"GHA","BB:3078","EAR_EMTA_SEX_OCU_NB","SEX_M","OCU_ISCO08_4","2017",836.293,"B",,"T30:20_I11:264","R1:3513"
"GHA","BB:3078","EAR_EMTA_SEX_OCU_NB","SEX_M","OCU_ISCO08_5","2017",677.996,"B",,"T30:20_I11:264","R1:3513"
"GHA","BB:3078","EAR_EMTA_SEX_OCU_NB","SEX_M","OCU_ISCO08_6","2017",917.689,"B",,"T30:20_I11:264","R1:3513"
"GHA","BB:3078","EAR_EMTA_SEX_OCU_NB","SEX_M","OCU_ISCO08_7","2017",860.903,"B",,"T30:20_I11:264","R1:3513"
"GHA","BB:3078","EAR_EMTA_SEX_OCU_NB","SEX_M","OCU_ISCO08_8","2017",928.341,"B",,"T30:20_I11:264","R1:3513"
"GHA","BB:3078","EAR_EMTA_SEX_OCU_NB","SEX_M","OCU_ISCO08_9","2017",589.429,"B",,"T30:20_I11:264","R1:3513"
"GHA","BB:3078","EAR_EMTA_SEX_OCU_NB","SEX_M","OCU_ISCO08_0","2017",2374.822,"U",,"T30:20_I11:264","R1:3513"
"GHA","BB:3078","EAR_EMTA_SEX_OCU_NB","SEX_F","OCU_ISCO08_TOTAL","2017",621.538,"B",,"T30:20_I11:264","R1:3513"
"GHA","BB:3078","EAR_EMTA_SEX_OCU_NB","SEX_F","OCU_ISCO08_1","2017",1642.498,"B",,"T30:20_I11:264","R1:3513"
"GHA","BB:3078","EAR_EMTA_SEX_OCU_NB","SEX_F","OCU_ISCO08_2","2017",909.278,"B",,"T30:20_I11:264","R1:3513"
"GHA","BB:3078","EAR_EMTA_SEX_OCU_NB","SEX_F","OCU_ISCO08_3","2017",856.575,"B",,"T30:20_I11:264","R1:3513"
"GHA","BB:3078","EAR_EMTA_SEX_OCU_NB","SEX_F","OCU_ISCO08_4","2017",706.04,"B",,"T30:20_I11:264","R1:3513"
"GHA","BB:3078","EAR_EMTA_SEX_OCU_NB","SEX_F","OCU_ISCO08_5","2017",409.96,"B",,"T30:20_I11:264","R1:3513"
"GHA","BB:3078","EAR_EMTA_SEX_OCU_NB","SEX_F","OCU_ISCO08_6","2017",586.46,"B",,"T30:20_I11:264","R1:3513"
"GHA","BB:3078","EAR_EMTA_SEX_OCU_NB","SEX_F","OCU_ISCO08_7","2017",292.306,"B",,"T30:20_I11:264","R1:3513"
"GHA","BB:3078","EAR_EMTA_SEX_OCU_NB","SEX_F","OCU_ISCO08_8","2017",443.534,"B",,"T30:20_I11:264","R1:3513"
"GHA","BB:3078","EAR_EMTA_SEX_OCU_NB","SEX_F","OCU_ISCO08_9","2017",286.08,"B",,"T30:20_I11:264","R1:3513"
"GHA","BA:1163","EAR_EMTA_SEX_OCU_NB","SEX_T","OCU_SKILL_TOTAL","2015",895.608,"B",,"T30:20_I11:264","R1:3513"
"GHA","BA:1163","EAR_EMTA_SEX_OCU_NB","SEX_T","OCU_SKILL_L3-4","2015",1079.072,"B",,"T30:20_I11:264","R1:3513"
"GHA","BA:1163","EAR_EMTA_SEX_OCU_NB","SEX_T","OCU_SKILL_L2","2015",775.393,"B",,"T30:20_I11:264","R1:3513"
"GHA","BA:1163","EAR_EMTA_SEX_OCU_NB","SEX_T","OCU_SKILL_L1","2015",504.624,"B",,"T30:20_I11:264","R1:3513"
"GHA","BA:1163","EAR_EMTA_SEX_OCU_NB","SEX_T","OCU_SKILL_X","2015",,"U",,"T30:20_I11:264","R1:3513"
"GHA","BA:1163","EAR_EMTA_SEX_OCU_NB","SEX_M","OCU_SKILL_TOTAL","2015",1008.882,"B",,"T30:20_I11:264","R1:3513"
"GHA","BA:1163","EAR_EMTA_SEX_OCU_NB","SEX_M","OCU_SKILL_L3-4","2015",1199.937,"B",,"T30:20_I11:264","R1:3513"
"GHA","BA:1163","EAR_EMTA_SEX_OCU_NB","SEX_M","OCU_SKILL_L2","2015",897.678,"B",,"T30:20_I11:264","R1:3513"
"GHA","BA:1163","EAR_EMTA_SEX_OCU_NB","SEX_M","OCU_SKILL_L1","2015",684.12,"B",,"T30:20_I11:264","R1:3513"
"GHA","BA:1163","EAR_EMTA_SEX_OCU_NB","SEX_M","OCU_SKILL_X","2015",,"U",,"T30:20_I11:264","R1:3513"
"GHA","BA:1163","EAR_EMTA_SEX_OCU_NB","SEX_F","OCU_SKILL_TOTAL","2015",710.52,"B",,"T30:20_I11:264","R1:3513"
"GHA","BA:1163","EAR_EMTA_SEX_OCU_NB","SEX_F","OCU_SKILL_L3-4","2015",925.966,"B",,"T30:20_I11:264","R1:3513"
"GHA","BA:1163","EAR_EMTA_SEX_OCU_NB","SEX_F","OCU_SKILL_L2","2015",512.336,"B",,"T30:20_I11:264","R1:3513"
"GHA","BA:1163","EAR_EMTA_SEX_OCU_NB","SEX_F","OCU_SKILL_L1","2015",275.558,"B",,"T30:20_I11:264","R1:3513"
"GHA","BA:1163","EAR_EMTA_SEX_OCU_NB","SEX_T","OCU_ISCO08_TOTAL","2015",895.608,"B",,"T30:20_I11:264","R1:3513"
"GHA","BA:1163","EAR_EMTA_SEX_OCU_NB","SEX_T","OCU_ISCO08_1","2015",1378.762,"B",,"T30:20_I11:264","R1:3513"
"GHA","BA:1163","EAR_EMTA_SEX_OCU_NB","SEX_T","OCU_ISCO08_2","2015",1017.437,"B",,"T30:20_I11:264","R1:3513"
"GHA","BA:1163","EAR_EMTA_SEX_OCU_NB","SEX_T","OCU_ISCO08_3","2015",1197.507,"B",,"T30:20_I11:264","R1:3513"
"GHA","BA:1163","EAR_EMTA_SEX_OCU_NB","SEX_T","OCU_ISCO08_4","2015",1161.631,"B",,"T30:20_I11:264","R1:3513"
"GHA","BA:1163","EAR_EMTA_SEX_OCU_NB","SEX_T","OCU_ISCO08_5","2015",492.298,"B",,"T30:20_I11:264","R1:3513"
"GHA","BA:1163","EAR_EMTA_SEX_OCU_NB","SEX_T","OCU_ISCO08_6","2015",524.136,"B",,"T30:20_I11:264","R1:3513"
"GHA","BA:1163","EAR_EMTA_SEX_OCU_NB","SEX_T","OCU_ISCO08_7","2015",1066.324,"B",,"T30:20_I11:264","R1:3513"
"GHA","BA:1163","EAR_EMTA_SEX_OCU_NB","SEX_T","OCU_ISCO08_8","2015",710.149,"B",,"T30:20_I11:264","R1:3513"
"GHA","BA:1163","EAR_EMTA_SEX_OCU_NB","SEX_T","OCU_ISCO08_9","2015",504.624,"B",,"T30:20_I11:264","R1:3513"
"GHA","BA:1163","EAR_EMTA_SEX_OCU_NB","SEX_T","OCU_ISCO08_0","2015",,"U",,"T30:20_I11:264","R1:3513"
"GHA","BA:1163","EAR_EMTA_SEX_OCU_NB","SEX_M","OCU_ISCO08_TOTAL","2015",1008.882,"B",,"T30:20_I11:264","R1:3513"
"GHA","BA:1163","EAR_EMTA_SEX_OCU_NB","SEX_M","OCU_ISCO08_1","2015",1305.606,"B",,"T30:20_I11:264","R1:3513"
"GHA","BA:1163","EAR_EMTA_SEX_OCU_NB","SEX_M","OCU_ISCO08_2","2015",1122.604,"B",,"T30:20_I11:264","R1:3513"
"GHA","BA:1163","EAR_EMTA_SEX_OCU_NB","SEX_M","OCU_ISCO08_3","2015",1422.19,"B",,"T30:20_I11:264","R1:3513"
"GHA","BA:1163","EAR_EMTA_SEX_OCU_NB","SEX_M","OCU_ISCO08_4","2015",1328.323,"B",,"T30:20_I11:264","R1:3513"
"GHA","BA:1163","EAR_EMTA_SEX_OCU_NB","SEX_M","OCU_ISCO08_5","2015",589.293,"B",,"T30:20_I11:264","R1:3513"
"GHA","BA:1163","EAR_EMTA_SEX_OCU_NB","SEX_M","OCU_ISCO08_6","2015",657.566,"B",,"T30:20_I11:264","R1:3513"
"GHA","BA:1163","EAR_EMTA_SEX_OCU_NB","SEX_M","OCU_ISCO08_7","2015",1322.611,"B",,"T30:20_I11:264","R1:3513"
"GHA","BA:1163","EAR_EMTA_SEX_OCU_NB","SEX_M","OCU_ISCO08_8","2015",727.841,"B",,"T30:20_I11:264","R1:3513"
"GHA","BA:1163","EAR_EMTA_SEX_OCU_NB","SEX_M","OCU_ISCO08_9","2015",684.12,"B",,"T30:20_I11:264","R1:3513"
"GHA","BA:1163","EAR_EMTA_SEX_OCU_NB","SEX_M","OCU_ISCO08_0","2015",,"U",,"T30:20_I11:264","R1:3513"
"GHA","BA:1163","EAR_EMTA_SEX_OCU_NB","SEX_F","OCU_ISCO08_TOTAL","2015",710.52,"B",,"T30:20_I11:264","R1:3513"
"GHA","BA:1163","EAR_EMTA_SEX_OCU_NB","SEX_F","OCU_ISCO08_1","2015",1533.405,"B",,"T30:20_I11:264","R1:3513"
"GHA","BA:1163","EAR_EMTA_SEX_OCU_NB","SEX_F","OCU_ISCO08_2","2015",905.883,"B",,"T30:20_I11:264","R1:3513"
"GHA","BA:1163","EAR_EMTA_SEX_OCU_NB","SEX_F","OCU_ISCO08_3","2015",658.194,"B",,"T30:20_I11:264","R1:3513"
"GHA","BA:1163","EAR_EMTA_SEX_OCU_NB","SEX_F","OCU_ISCO08_4","2015",982.818,"B",,"T30:20_I11:264","R1:3513"
"GHA","BA:1163","EAR_EMTA_SEX_OCU_NB","SEX_F","OCU_ISCO08_5","2015",364.758,"B",,"T30:20_I11:264","R1:3513"
"GHA","BA:1163","EAR_EMTA_SEX_OCU_NB","SEX_F","OCU_ISCO08_6","2015",258.526,"U",,"T30:20_I11:264","R1:3513"
"GHA","BA:1163","EAR_EMTA_SEX_OCU_NB","SEX_F","OCU_ISCO08_7","2015",401.631,"B",,"T30:20_I11:264","R1:3513"
"GHA","BA:1163","EAR_EMTA_SEX_OCU_NB","SEX_F","OCU_ISCO08_8","2015",,"U",,"T30:20_I11:264","R1:3513"
"GHA","BA:1163","EAR_EMTA_SEX_OCU_NB","SEX_F","OCU_ISCO08_9","2015",275.558,"B",,"T30:20_I11:264","R1:3513"
"GHA","BB:3078","EAR_EMTA_SEX_OCU_NB","SEX_T","OCU_SKILL_TOTAL","2013",625.753,"B",,"T30:20_I11:264","R1:3513"
"GHA","BB:3078","EAR_EMTA_SEX_OCU_NB","SEX_T","OCU_SKILL_L3-4","2013",946.787,"B",,"T30:20_I11:264","R1:3513"
"GHA","BB:3078","EAR_EMTA_SEX_OCU_NB","SEX_T","OCU_SKILL_L2","2013",510.242,"B",,"T30:20_I11:264","R1:3513"
"GHA","BB:3078","EAR_EMTA_SEX_OCU_NB","SEX_T","OCU_SKILL_L1","2013",408.541,"B",,"T30:20_I11:264","R1:3513"
"GHA","BB:3078","EAR_EMTA_SEX_OCU_NB","SEX_T","OCU_SKILL_X","2013",1205.433,"B",,"T30:20_I11:264","R1:3513"
"GHA","BB:3078","EAR_EMTA_SEX_OCU_NB","SEX_M","OCU_SKILL_TOTAL","2013",679.554,"B",,"T30:20_I11:264","R1:3513"
"GHA","BB:3078","EAR_EMTA_SEX_OCU_NB","SEX_M","OCU_SKILL_L3-4","2013",1035.337,"B",,"T30:20_I11:264","R1:3513"
"GHA","BB:3078","EAR_EMTA_SEX_OCU_NB","SEX_M","OCU_SKILL_L2","2013",547.978,"B",,"T30:20_I11:264","R1:3513"
"GHA","BB:3078","EAR_EMTA_SEX_OCU_NB","SEX_M","OCU_SKILL_L1","2013",480.571,"B",,"T30:20_I11:264","R1:3513"
"GHA","BB:3078","EAR_EMTA_SEX_OCU_NB","SEX_M","OCU_SKILL_X","2013",1517.705,"B",,"T30:20_I11:264","R1:3513"
"GHA","BB:3078","EAR_EMTA_SEX_OCU_NB","SEX_F","OCU_SKILL_TOTAL","2013",500.584,"B",,"T30:20_I11:264","R1:3513"
"GHA","BB:3078","EAR_EMTA_SEX_OCU_NB","SEX_F","OCU_SKILL_L3-4","2013",765.752,"B",,"T30:20_I11:264","R1:3513"
"GHA","BB:3078","EAR_EMTA_SEX_OCU_NB","SEX_F","OCU_SKILL_L2","2013",417.598,"B",,"T30:20_I11:264","R1:3513"
"GHA","BB:3078","EAR_EMTA_SEX_OCU_NB","SEX_F","OCU_SKILL_L1","2013",235.024,"B",,"T30:20_I11:264","R1:3513"
"GHA","BB:3078","EAR_EMTA_SEX_OCU_NB","SEX_F","OCU_SKILL_X","2013",166.592,"U",,"T30:20_I11:264","R1:3513"
"GHA","BB:3078","EAR_EMTA_SEX_OCU_NB","SEX_T","OCU_ISCO08_TOTAL","2013",625.753,"B",,"T30:20_I11:264","R1:3513"
"GHA","BB:3078","EAR_EMTA_SEX_OCU_NB","SEX_T","OCU_ISCO08_1","2013",1208.874,"B",,"T30:20_I11:264","R1:3513"
"GHA","BB:3078","EAR_EMTA_SEX_OCU_NB","SEX_T","OCU_ISCO08_2","2013",992.671,"B",,"T30:20_I11:264","R1:3513"
"GHA","BB:3078","EAR_EMTA_SEX_OCU_NB","SEX_T","OCU_ISCO08_3","2013",656.916,"B",,"T30:20_I11:264","R1:3513"
"GHA","BB:3078","EAR_EMTA_SEX_OCU_NB","SEX_T","OCU_ISCO08_4","2013",702.248,"B",,"T30:20_I11:264","R1:3513"
"GHA","BB:3078","EAR_EMTA_SEX_OCU_NB","SEX_T","OCU_ISCO08_5","2013",444.694,"B",,"T30:20_I11:264","R1:3513"
"GHA","BB:3078","EAR_EMTA_SEX_OCU_NB","SEX_T","OCU_ISCO08_6","2013",320.217,"B",,"T30:20_I11:264","R1:3513"
"GHA","BB:3078","EAR_EMTA_SEX_OCU_NB","SEX_T","OCU_ISCO08_7","2013",433.804,"B",,"T30:20_I11:264","R1:3513"
"GHA","BB:3078","EAR_EMTA_SEX_OCU_NB","SEX_T","OCU_ISCO08_8","2013",644.866,"B",,"T30:20_I11:264","R1:3513"
"GHA","BB:3078","EAR_EMTA_SEX_OCU_NB","SEX_T","OCU_ISCO08_9","2013",408.541,"B",,"T30:20_I11:264","R1:3513"
"GHA","BB:3078","EAR_EMTA_SEX_OCU_NB","SEX_T","OCU_ISCO08_0","2013",3893.377,"U",,"T30:20_I11:264","R1:3513"
"GHA","BB:3078","EAR_EMTA_SEX_OCU_NB","SEX_T","OCU_ISCO08_X","2013",235.228,"B",,"T30:20_I11:264","R1:3513"
"GHA","BB:3078","EAR_EMTA_SEX_OCU_NB","SEX_M","OCU_ISCO08_TOTAL","2013",679.554,"B",,"T30:20_I11:264","R1:3513"
"GHA","BB:3078","EAR_EMTA_SEX_OCU_NB","SEX_M","OCU_ISCO08_1","2013",1268.789,"B",,"T30:20_I11:264","R1:3513"
"GHA","BB:3078","EAR_EMTA_SEX_OCU_NB","SEX_M","OCU_ISCO08_2","2013",1125.362,"B",,"T30:20_I11:264","R1:3513"
"GHA","BB:3078","EAR_EMTA_SEX_OCU_NB","SEX_M","OCU_ISCO08_3","2013",677.022,"B",,"T30:20_I11:264","R1:3513"
"GHA","BB:3078","EAR_EMTA_SEX_OCU_NB","SEX_M","OCU_ISCO08_4","2013",581.887,"B",,"T30:20_I11:264","R1:3513"
"GHA","BB:3078","EAR_EMTA_SEX_OCU_NB","SEX_M","OCU_ISCO08_5","2013",507.385,"B",,"T30:20_I11:264","R1:3513"
"GHA","BB:3078","EAR_EMTA_SEX_OCU_NB","SEX_M","OCU_ISCO08_6","2013",353.615,"B",,"T30:20_I11:264","R1:3513"
"GHA","BB:3078","EAR_EMTA_SEX_OCU_NB","SEX_M","OCU_ISCO08_7","2013",486.867,"B",,"T30:20_I11:264","R1:3513"
"GHA","BB:3078","EAR_EMTA_SEX_OCU_NB","SEX_M","OCU_ISCO08_8","2013",649.636,"B",,"T30:20_I11:264","R1:3513"
"GHA","BB:3078","EAR_EMTA_SEX_OCU_NB","SEX_M","OCU_ISCO08_9","2013",480.571,"B",,"T30:20_I11:264","R1:3513"
"GHA","BB:3078","EAR_EMTA_SEX_OCU_NB","SEX_M","OCU_ISCO08_0","2013",3893.377,"U",,"T30:20_I11:264","R1:3513"
"GHA","BB:3078","EAR_EMTA_SEX_OCU_NB","SEX_M","OCU_ISCO08_X","2013",266.724,"B",,"T30:20_I11:264","R1:3513"
"GHA","BB:3078","EAR_EMTA_SEX_OCU_NB","SEX_F","OCU_ISCO08_TOTAL","2013",500.584,"B",,"T30:20_I11:264","R1:3513"
"GHA","BB:3078","EAR_EMTA_SEX_OCU_NB","SEX_F","OCU_ISCO08_1","2013",1013.628,"B",,"T30:20_I11:264","R1:3513"
"GHA","BB:3078","EAR_EMTA_SEX_OCU_NB","SEX_F","OCU_ISCO08_2","2013",772.927,"B",,"T30:20_I11:264","R1:3513"
"GHA","BB:3078","EAR_EMTA_SEX_OCU_NB","SEX_F","OCU_ISCO08_3","2013",584.1,"B",,"T30:20_I11:264","R1:3513"
"GHA","BB:3078","EAR_EMTA_SEX_OCU_NB","SEX_F","OCU_ISCO08_4","2013",835.04,"B",,"T30:20_I11:264","R1:3513"
"GHA","BB:3078","EAR_EMTA_SEX_OCU_NB","SEX_F","OCU_ISCO08_5","2013",387.103,"B",,"T30:20_I11:264","R1:3513"
"GHA","BB:3078","EAR_EMTA_SEX_OCU_NB","SEX_F","OCU_ISCO08_6","2013",178.848,"B",,"T30:20_I11:264","R1:3513"
"GHA","BB:3078","EAR_EMTA_SEX_OCU_NB","SEX_F","OCU_ISCO08_7","2013",157.704,"B",,"T30:20_I11:264","R1:3513"
"GHA","BB:3078","EAR_EMTA_SEX_OCU_NB","SEX_F","OCU_ISCO08_8","2013",471.283,"B",,"T30:20_I11:264","R1:3513"
"GHA","BB:3078","EAR_EMTA_SEX_OCU_NB","SEX_F","OCU_ISCO08_9","2013",235.024,"B",,"T30:20_I11:264","R1:3513"
"GHA","BB:3078","EAR_EMTA_SEX_OCU_NB","SEX_F","OCU_ISCO08_X","2013",166.592,"U",,"T30:20_I11:264","R1:3513"
"GHA","BB:3078","EAR_EMTA_SEX_OCU_NB","SEX_T","OCU_SKILL_TOTAL","2006",1159860.505,"B",,"T30:291_I11:264","R1:3513"
"GHA","BB:3078","EAR_EMTA_SEX_OCU_NB","SEX_T","OCU_SKILL_L3-4","2006",1814002.771,"B",,"T30:291_I11:264","R1:3513"
"GHA","BB:3078","EAR_EMTA_SEX_OCU_NB","SEX_T","OCU_SKILL_L2","2006",946702.532,"B",,"T30:291_I11:264","R1:3513"
"GHA","BB:3078","EAR_EMTA_SEX_OCU_NB","SEX_T","OCU_SKILL_L1","2006",650753.23,"B",,"T30:291_I11:264","R1:3513"
"GHA","BB:3078","EAR_EMTA_SEX_OCU_NB","SEX_T","OCU_SKILL_X","2006",1358492.387,"B",,"T30:291_I11:264","R1:3513"
"GHA","BB:3078","EAR_EMTA_SEX_OCU_NB","SEX_M","OCU_SKILL_TOTAL","2006",1236036.92,"B",,"T30:291_I11:264","R1:3513"
"GHA","BB:3078","EAR_EMTA_SEX_OCU_NB","SEX_M","OCU_SKILL_L3-4","2006",2110960.778,"B",,"T30:291_I11:264","R1:3513"
"GHA","BB:3078","EAR_EMTA_SEX_OCU_NB","SEX_M","OCU_SKILL_L2","2006",989780.765,"B",,"T30:291_I11:264","R1:3513"
"GHA","BB:3078","EAR_EMTA_SEX_OCU_NB","SEX_M","OCU_SKILL_L1","2006",723906.937,"B",,"T30:291_I11:264","R1:3513"
"GHA","BB:3078","EAR_EMTA_SEX_OCU_NB","SEX_M","OCU_SKILL_X","2006",1108139.899,"B",,"T30:291_I11:264","R1:3513"
"GHA","BB:3078","EAR_EMTA_SEX_OCU_NB","SEX_F","OCU_SKILL_TOTAL","2006",941622.688,"B",,"T30:291_I11:264","R1:3513"
"GHA","BB:3078","EAR_EMTA_SEX_OCU_NB","SEX_F","OCU_SKILL_L3-4","2006",1195604.615,"B",,"T30:291_I11:264","R1:3513"
"GHA","BB:3078","EAR_EMTA_SEX_OCU_NB","SEX_F","OCU_SKILL_L2","2006",801939.514,"B",,"T30:291_I11:264","R1:3513"
"GHA","BB:3078","EAR_EMTA_SEX_OCU_NB","SEX_F","OCU_SKILL_L1","2006",480244.099,"B",,"T30:291_I11:264","R1:3513"
"GHA","BB:3078","EAR_EMTA_SEX_OCU_NB","SEX_F","OCU_SKILL_X","2006",3350366.894,"B",,"T30:291_I11:264","R1:3513"
"GHA","BB:3078","EAR_EMTA_SEX_OCU_NB","SEX_T","OCU_ISCO88_TOTAL","2006",1159860.505,"B",,"T30:291_I11:264","R1:3513"
"GHA","BB:3078","EAR_EMTA_SEX_OCU_NB","SEX_T","OCU_ISCO88_1","2006",3323230.681,"B",,"T30:291_I11:264","R1:3513"
"GHA","BB:3078","EAR_EMTA_SEX_OCU_NB","SEX_T","OCU_ISCO88_2","2006",1727032.424,"B",,"T30:291_I11:264","R1:3513"
"GHA","BB:3078","EAR_EMTA_SEX_OCU_NB","SEX_T","OCU_ISCO88_3","2006",1616738.343,"B",,"T30:291_I11:264","R1:3513"
"GHA","BB:3078","EAR_EMTA_SEX_OCU_NB","SEX_T","OCU_ISCO88_4","2006",1324264.465,"B",,"T30:291_I11:264","R1:3513"
"GHA","BB:3078","EAR_EMTA_SEX_OCU_NB","SEX_T","OCU_ISCO88_5","2006",741750.367,"B",,"T30:291_I11:264","R1:3513"
"GHA","BB:3078","EAR_EMTA_SEX_OCU_NB","SEX_T","OCU_ISCO88_6","2006",903779.29,"B",,"T30:291_I11:264","R1:3513"
"GHA","BB:3078","EAR_EMTA_SEX_OCU_NB","SEX_T","OCU_ISCO88_7","2006",792629.848,"B",,"T30:291_I11:264","R1:3513"
"GHA","BB:3078","EAR_EMTA_SEX_OCU_NB","SEX_T","OCU_ISCO88_8","2006",1127368.088,"B",,"T30:291_I11:264","R1:3513"
"GHA","BB:3078","EAR_EMTA_SEX_OCU_NB","SEX_T","OCU_ISCO88_9","2006",650753.23,"B",,"T30:291_I11:264","R1:3513"
"GHA","BB:3078","EAR_EMTA_SEX_OCU_NB","SEX_T","OCU_ISCO88_0","2006",1889500.148,"B",,"T30:291_I11:264","R1:3513"
"GHA","BB:3078","EAR_EMTA_SEX_OCU_NB","SEX_T","OCU_ISCO88_X","2006",853280.427,"B",,"T30:291_I11:264","R1:3513"
"GHA","BB:3078","EAR_EMTA_SEX_OCU_NB","SEX_M","OCU_ISCO88_TOTAL","2006",1236036.92,"B",,"T30:291_I11:264","R1:3513"
"GHA","BB:3078","EAR_EMTA_SEX_OCU_NB","SEX_M","OCU_ISCO88_1","2006",3451244.247,"B",,"T30:291_I11:264","R1:3513"
"GHA","BB:3078","EAR_EMTA_SEX_OCU_NB","SEX_M","OCU_ISCO88_2","2006",2037799.722,"B",,"T30:291_I11:264","R1:3513"
"GHA","BB:3078","EAR_EMTA_SEX_OCU_NB","SEX_M","OCU_ISCO88_3","2006",1825654.528,"B",,"T30:291_I11:264","R1:3513"
"GHA","BB:3078","EAR_EMTA_SEX_OCU_NB","SEX_M","OCU_ISCO88_4","2006",1239187.347,"B",,"T30:291_I11:264","R1:3513"
"GHA","BB:3078","EAR_EMTA_SEX_OCU_NB","SEX_M","OCU_ISCO88_5","2006",894747.107,"B",,"T30:291_I11:264","R1:3513"
"GHA","BB:3078","EAR_EMTA_SEX_OCU_NB","SEX_M","OCU_ISCO88_6","2006",699184.029,"B",,"T30:291_I11:264","R1:3513"
"GHA","BB:3078","EAR_EMTA_SEX_OCU_NB","SEX_M","OCU_ISCO88_7","2006",873164.691,"B",,"T30:291_I11:264","R1:3513"
"GHA","BB:3078","EAR_EMTA_SEX_OCU_NB","SEX_M","OCU_ISCO88_8","2006",1133394.097,"B",,"T30:291_I11:264","R1:3513"
"GHA","BB:3078","EAR_EMTA_SEX_OCU_NB","SEX_M","OCU_ISCO88_9","2006",723906.937,"B",,"T30:291_I11:264","R1:3513"
"GHA","BB:3078","EAR_EMTA_SEX_OCU_NB","SEX_M","OCU_ISCO88_0","2006",1394194.727,"B",,"T30:291_I11:264","R1:3513"
"GHA","BB:3078","EAR_EMTA_SEX_OCU_NB","SEX_M","OCU_ISCO88_X","2006",859524.736,"B",,"T30:291_I11:264","R1:3513"
"GHA","BB:3078","EAR_EMTA_SEX_OCU_NB","SEX_F","OCU_ISCO88_TOTAL","2006",941622.688,"B",,"T30:291_I11:264","R1:3513"
"GHA","BB:3078","EAR_EMTA_SEX_OCU_NB","SEX_F","OCU_ISCO88_1","2006",2213699.131,"U",,"T30:291_I11:264","R1:3513"
"GHA","BB:3078","EAR_EMTA_SEX_OCU_NB","SEX_F","OCU_ISCO88_2","2006",1157582.878,"B",,"T30:291_I11:264","R1:3513"
"GHA","BB:3078","EAR_EMTA_SEX_OCU_NB","SEX_F","OCU_ISCO88_3","2006",1189060.248,"B",,"T30:291_I11:264","R1:3513"
"GHA","BB:3078","EAR_EMTA_SEX_OCU_NB","SEX_F","OCU_ISCO88_4","2006",1416480.423,"B",,"T30:291_I11:264","R1:3513"
"GHA","BB:3078","EAR_EMTA_SEX_OCU_NB","SEX_F","OCU_ISCO88_5","2006",545905.124,"B",,"T30:291_I11:264","R1:3513"
"GHA","BB:3078","EAR_EMTA_SEX_OCU_NB","SEX_F","OCU_ISCO88_6","2006",2300941.1,"U",,"T30:291_I11:264","R1:3513"
"GHA","BB:3078","EAR_EMTA_SEX_OCU_NB","SEX_F","OCU_ISCO88_7","2006",434449.222,"B",,"T30:291_I11:264","R1:3513"
"GHA","BB:3078","EAR_EMTA_SEX_OCU_NB","SEX_F","OCU_ISCO88_8","2006",,"U",,"T30:291_I11:264","R1:3513"
"GHA","BB:3078","EAR_EMTA_SEX_OCU_NB","SEX_F","OCU_ISCO88_9","2006",480244.099,"B",,"T30:291_I11:264","R1:3513"
"GHA","BB:3078","EAR_EMTA_SEX_OCU_NB","SEX_F","OCU_ISCO88_0","2006",4636404.593,"U",,"T30:291_I11:264","R1:3513"
"GHA","BB:3078","EAR_EMTA_SEX_OCU_NB","SEX_F","OCU_ISCO88_X","2006",773439.609,"U",,"T30:291_I11:264","R1:3513"
"GHA","BB:3078","EAR_EMTA_SEX_OCU_NB","SEX_T","OCU_SKILL_TOTAL","1991",31533.845,,,"T30:291","R1:3513"
"GHA","BB:3078","EAR_EMTA_SEX_OCU_NB","SEX_T","OCU_SKILL_L3-4","1991",41961.448,,,"T30:291","R1:3513"
"GHA","BB:3078","EAR_EMTA_SEX_OCU_NB","SEX_T","OCU_SKILL_L2","1991",28032.44,,,"T30:291","R1:3513"
"GHA","BB:3078","EAR_EMTA_SEX_OCU_NB","SEX_T","OCU_SKILL_L1","1991",26933.621,,,"T30:291","R1:3513"
"GHA","BB:3078","EAR_EMTA_SEX_OCU_NB","SEX_T","OCU_SKILL_X","1991",,"U",,"T30:291","R1:3513"
"GHA","BB:3078","EAR_EMTA_SEX_OCU_NB","SEX_M","OCU_SKILL_TOTAL","1991",32976.372,,,"T30:291","R1:3513"
"GHA","BB:3078","EAR_EMTA_SEX_OCU_NB","SEX_M","OCU_SKILL_L3-4","1991",47286.196,,,"T30:291","R1:3513"
"GHA","BB:3078","EAR_EMTA_SEX_OCU_NB","SEX_M","OCU_SKILL_L2","1991",30277.028,,,"T30:291","R1:3513"
"GHA","BB:3078","EAR_EMTA_SEX_OCU_NB","SEX_M","OCU_SKILL_L1","1991",27586.009,,,"T30:291","R1:3513"
"GHA","BB:3078","EAR_EMTA_SEX_OCU_NB","SEX_M","OCU_SKILL_X","1991",,"U",,"T30:291","R1:3513"
"GHA","BB:3078","EAR_EMTA_SEX_OCU_NB","SEX_F","OCU_SKILL_TOTAL","1991",27343.181,,,"T30:291","R1:3513"
"GHA","BB:3078","EAR_EMTA_SEX_OCU_NB","SEX_F","OCU_SKILL_L3-4","1991",34016.586,,,"T30:291","R1:3513"
"GHA","BB:3078","EAR_EMTA_SEX_OCU_NB","SEX_F","OCU_SKILL_L2","1991",22889.212,,,"T30:291","R1:3513"
"GHA","BB:3078","EAR_EMTA_SEX_OCU_NB","SEX_F","OCU_SKILL_L1","1991",14576.627,,,"T30:291","R1:3513"
"GHA","BB:3078","EAR_EMTA_SEX_OCU_NB","SEX_F","OCU_SKILL_X","1991",,"U",,"T30:291","R1:3513"
"IND","BA:14121","EAR_EMTA_SEX_OCU_NB","SEX_T","OCU_SKILL_TOTAL","2024",20811.6,,,"T30:121","R1:3513"
"IND","BA:14121","EAR_EMTA_SEX_OCU_NB","SEX_T","OCU_SKILL_L3-4","2024",34665.5,,,"T30:121","R1:3513"
"IND","BA:14121","EAR_EMTA_SEX_OCU_NB","SEX_T","OCU_SKILL_L2","2024",16997.458,,,"T30:121","R1:3513"
"IND","BA:14121","EAR_EMTA_SEX_OCU_NB","SEX_T","OCU_SKILL_L1","2024",10237.291,,,"T30:121","R1:3513"
"IND","BA:14121","EAR_EMTA_SEX_OCU_NB","SEX_M","OCU_SKILL_TOTAL","2024",22628.323,,,"T30:121","R1:3513"
"IND","BA:14121","EAR_EMTA_SEX_OCU_NB","SEX_M","OCU_SKILL_L3-4","2024",37837.253,,,"T30:121","R1:3513"
"IND","BA:14121","EAR_EMTA_SEX_OCU_NB","SEX_M","OCU_SKILL_L2","2024",17813.239,,,"T30:121","R1:3513"
"IND","BA:14121","EAR_EMTA_SEX_OCU_NB","SEX_M","OCU_SKILL_L1","2024",13110.765,,,"T30:121","R1:3513"
"IND","BA:14121","EAR_EMTA_SEX_OCU_NB","SEX_F","OCU_SKILL_TOTAL","2024",15747.887,,,"T30:121","R1:3513"
"IND","BA:14121","EAR_EMTA_SEX_OCU_NB","SEX_F","OCU_SKILL_L3-4","2024",27565.435,,,"T30:121","R1:3513"
"IND","BA:14121","EAR_EMTA_SEX_OCU_NB","SEX_F","OCU_SKILL_L2","2024",12650.598,,,"T30:121","R1:3513"
"IND","BA:14121","EAR_EMTA_SEX_OCU_NB","SEX_F","OCU_SKILL_L1","2024",7030.971,,,"T30:121","R1:3513"
"IND","BA:14121","EAR_EMTA_SEX_OCU_NB","SEX_O","OCU_SKILL_TOTAL","2024",,"U",,"T30:121","R1:3513"
"IND","BA:14121","EAR_EMTA_SEX_OCU_NB","SEX_O","OCU_SKILL_L2","2024",,"U",,"T30:121","R1:3513"
"IND","BA:14121","EAR_EMTA_SEX_OCU_NB","SEX_T","OCU_ISCO08_TOTAL","2024",20811.6,,,"T30:121","R1:3513"
"IND","BA:14121","EAR_EMTA_SEX_OCU_NB","SEX_T","OCU_ISCO08_1","2024",44669.172,,,"T30:121","R1:3513"
"IND","BA:14121","EAR_EMTA_SEX_OCU_NB","SEX_T","OCU_ISCO08_2","2024",36140.715,,,"T30:121","R1:3513"
"IND","BA:14121","EAR_EMTA_SEX_OCU_NB","SEX_T","OCU_ISCO08_3","2024",26037.321,,,"T30:121","R1:3513"
"IND","BA:14121","EAR_EMTA_SEX_OCU_NB","SEX_T","OCU_ISCO08_4","2024",24388.406,,,"T30:121","R1:3513"
"IND","BA:14121","EAR_EMTA_SEX_OCU_NB","SEX_T","OCU_ISCO08_5","2024",14849.184,,,"T30:121","R1:3513"
"IND","BA:14121","EAR_EMTA_SEX_OCU_NB","SEX_T","OCU_ISCO08_6","2024",11954.235,,,"T30:121","R1:3513"
"IND","BA:14121","EAR_EMTA_SEX_OCU_NB","SEX_T","OCU_ISCO08_7","2024",15860.405,,,"T30:121","R1:3513"
"IND","BA:14121","EAR_EMTA_SEX_OCU_NB","SEX_T","OCU_ISCO08_8","2024",16421.779,,,"T30:121","R1:3513"
"IND","BA:14121","EAR_EMTA_SEX_OCU_NB","SEX_T","OCU_ISCO08_9","2024",10237.291,,,"T30:121","R1:3513"
"IND","BA:14121","EAR_EMTA_SEX_OCU_NB","SEX_M","OCU_ISCO08_TOTAL","2024",22628.323,,,"T30:121","R1:3513"
"IND","BA:14121","EAR_EMTA_SEX_OCU_NB","SEX_M","OCU_ISCO08_1","2024",45390.079,,,"T30:121","R1:3513"
"IND","BA:14121","EAR_EMTA_SEX_OCU_NB","SEX_M","OCU_ISCO08_2","2024",39482.452,,,"T30:121","R1:3513"
"IND","BA:14121","EAR_EMTA_SEX_OCU_NB","SEX_M","OCU_ISCO08_3","2024",29373.831,,,"T30:121","R1:3513"
"IND","BA:14121","EAR_EMTA_SEX_OCU_NB","SEX_M","OCU_ISCO08_4","2024",25403.422,,,"T30:121","R1:3513"
"IND","BA:14121","EAR_EMTA_SEX_OCU_NB","SEX_M","OCU_ISCO08_5","2024",16395.508,,,"T30:121","R1:3513"
"IND","BA:14121","EAR_EMTA_SEX_OCU_NB","SEX_M","OCU_ISCO08_6","2024",13377.479,,,"T30:121","R1:3513"
"IND","BA:14121","EAR_EMTA_SEX_OCU_NB","SEX_M","OCU_ISCO08_7","2024",16317.513,,,"T30:121","R1:3513"
"IND","BA:14121","EAR_EMTA_SEX_OCU_NB","SEX_M","OCU_ISCO08_8","2024",16643.804,,,"T30:121","R1:3513"
"IND","BA:14121","EAR_EMTA_SEX_OCU_NB","SEX_M","OCU_ISCO08_9","2024",13110.765,,,"T30:121","R1:3513"
"IND","BA:14121","EAR_EMTA_SEX_OCU_NB","SEX_F","OCU_ISCO08_TOTAL","2024",15747.887,,,"T30:121","R1:3513"
"IND","BA:14121","EAR_EMTA_SEX_OCU_NB","SEX_F","OCU_ISCO08_1","2024",40175.785,,,"T30:121","R1:3513"
"IND","BA:14121","EAR_EMTA_SEX_OCU_NB","SEX_F","OCU_ISCO08_2","2024",29875.337,,,"T30:121","R1:3513"
"IND","BA:14121","EAR_EMTA_SEX_OCU_NB","SEX_F","OCU_ISCO08_3","2024",18448.28,,,"T30:121","R1:3513"
"IND","BA:14121","EAR_EMTA_SEX_OCU_NB","SEX_F","OCU_ISCO08_4","2024",21057.883,,,"T30:121","R1:3513"
"IND","BA:14121","EAR_EMTA_SEX_OCU_NB","SEX_F","OCU_ISCO08_5","2024",9504.877,,,"T30:121","R1:3513"
"IND","BA:14121","EAR_EMTA_SEX_OCU_NB","SEX_F","OCU_ISCO08_6","2024",8137.435,,,"T30:121","R1:3513"
"IND","BA:14121","EAR_EMTA_SEX_OCU_NB","SEX_F","OCU_ISCO08_7","2024",10546.848,,,"T30:121","R1:3513"
"IND","BA:14121","EAR_EMTA_SEX_OCU_NB","SEX_F","OCU_ISCO08_8","2024",11557.175,,,"T30:121","R1:3513"
"IND","BA:14121","EAR_EMTA_SEX_OCU_NB","SEX_F","OCU_ISCO08_9","2024",7030.971,,,"T30:121","R1:3513"
"IND","BA:14121","EAR_EMTA_SEX_OCU_NB","SEX_O","OCU_ISCO08_TOTAL","2024",,"U",,"T30:121","R1:3513"
"IND","BA:14121","EAR_EMTA_SEX_OCU_NB","SEX_O","OCU_ISCO08_5","2024",,"U",,"T30:121","R1:3513"
"IND","BA:14121","EAR_EMTA_SEX_OCU_NB","SEX_T","OCU_SKILL_TOTAL","2023",19783.492,,,"T30:121","R1:3513"
"IND","BA:14121","EAR_EMTA_SEX_OCU_NB","SEX_T","OCU_SKILL_L3-4","2023",32888.753,,,"T30:121","R1:3513"
"IND","BA:14121","EAR_EMTA_SEX_OCU_NB","SEX_T","OCU_SKILL_L2","2023",15935.873,,,"T30:121","R1:3513"
"IND","BA:14121","EAR_EMTA_SEX_OCU_NB","SEX_T","OCU_SKILL_L1","2023",9372.939,,,"T30:121","R1:3513"
"IND","BA:14121","EAR_EMTA_SEX_OCU_NB","SEX_M","OCU_SKILL_TOTAL","2023",21513.812,,,"T30:121","R1:3513"
"IND","BA:14121","EAR_EMTA_SEX_OCU_NB","SEX_M","OCU_SKILL_L3-4","2023",36308.559,,,"T30:121","R1:3513"
"IND","BA:14121","EAR_EMTA_SEX_OCU_NB","SEX_M","OCU_SKILL_L2","2023",16681.111,,,"T30:121","R1:3513"
"IND","BA:14121","EAR_EMTA_SEX_OCU_NB","SEX_M","OCU_SKILL_L1","2023",11996.648,,,"T30:121","R1:3513"
"IND","BA:14121","EAR_EMTA_SEX_OCU_NB","SEX_F","OCU_SKILL_TOTAL","2023",15058.111,,,"T30:121","R1:3513"
"IND","BA:14121","EAR_EMTA_SEX_OCU_NB","SEX_F","OCU_SKILL_L3-4","2023",25761.337,,,"T30:121","R1:3513"
"IND","BA:14121","EAR_EMTA_SEX_OCU_NB","SEX_F","OCU_SKILL_L2","2023",11809.207,,,"T30:121","R1:3513"
"IND","BA:14121","EAR_EMTA_SEX_OCU_NB","SEX_F","OCU_SKILL_L1","2023",6413.947,,,"T30:121","R1:3513"
"IND","BA:14121","EAR_EMTA_SEX_OCU_NB","SEX_O","OCU_SKILL_TOTAL","2023",,"U",,"T30:121","R1:3513"
"IND","BA:14121","EAR_EMTA_SEX_OCU_NB","SEX_O","OCU_SKILL_L2","2023",,"U",,"T30:121","R1:3513"
"IND","BA:14121","EAR_EMTA_SEX_OCU_NB","SEX_T","OCU_ISCO08_TOTAL","2023",19783.492,,,"T30:121","R1:3513"
"IND","BA:14121","EAR_EMTA_SEX_OCU_NB","SEX_T","OCU_ISCO08_1","2023",43845.593,,,"T30:121","R1:3513"
"IND","BA:14121","EAR_EMTA_SEX_OCU_NB","SEX_T","OCU_ISCO08_2","2023",34274.02,,,"T30:121","R1:3513"
"IND","BA:14121","EAR_EMTA_SEX_OCU_NB","SEX_T","OCU_ISCO08_3","2023",23557.065,,,"T30:121","R1:3513"
"IND","BA:14121","EAR_EMTA_SEX_OCU_NB","SEX_T","OCU_ISCO08_4","2023",22241.434,,,"T30:121","R1:3513"
"IND","BA:14121","EAR_EMTA_SEX_OCU_NB","SEX_T","OCU_ISCO08_5","2023",14336.223,,,"T30:121","R1:3513"
"IND","BA:14121","EAR_EMTA_SEX_OCU_NB","SEX_T","OCU_ISCO08_6","2023",11217.132,,,"T30:121","R1:3513"
"IND","BA:14121","EAR_EMTA_SEX_OCU_NB","SEX_T","OCU_ISCO08_7","2023",14599.209,,,"T30:121","R1:3513"
"IND","BA:14121","EAR_EMTA_SEX_OCU_NB","SEX_T","OCU_ISCO08_8","2023",15407.101,,,"T30:121","R1:3513"
"IND","BA:14121","EAR_EMTA_SEX_OCU_NB","SEX_T","OCU_ISCO08_9","2023",9372.939,,,"T30:121","R1:3513"
"IND","BA:14121","EAR_EMTA_SEX_OCU_NB","SEX_M","OCU_ISCO08_TOTAL","2023",21513.812,,,"T30:121","R1:3513"
"IND","BA:14121","EAR_EMTA_SEX_OCU_NB","SEX_M","OCU_ISCO08_1","2023",44462.228,,,"T30:121","R1:3513"
"IND","BA:14121","EAR_EMTA_SEX_OCU_NB","SEX_M","OCU_ISCO08_2","2023",38037.222,,,"T30:121","R1:3513"
"IND","BA:14121","EAR_EMTA_SEX_OCU_NB","SEX_M","OCU_ISCO08_3","2023",27124.321,,,"T30:121","R1:3513"
"IND","BA:14121","EAR_EMTA_SEX_OCU_NB","SEX_M","OCU_ISCO08_4","2023",23052.347,,,"T30:121","R1:3513"
"IND","BA:14121","EAR_EMTA_SEX_OCU_NB","SEX_M","OCU_ISCO08_5","2023",15768.942,,,"T30:121","R1:3513"
"IND","BA:14121","EAR_EMTA_SEX_OCU_NB","SEX_M","OCU_ISCO08_6","2023",12633.102,,,"T30:121","R1:3513"
"IND","BA:14121","EAR_EMTA_SEX_OCU_NB","SEX_M","OCU_ISCO08_7","2023",15174.315,,,"T30:121","R1:3513"
"IND","BA:14121","EAR_EMTA_SEX_OCU_NB","SEX_M","OCU_ISCO08_8","2023",15611.694,,,"T30:121","R1:3513"
"IND","BA:14121","EAR_EMTA_SEX_OCU_NB","SEX_M","OCU_ISCO08_9","2023",11996.648,,,"T30:121","R1:3513"
"IND","BA:14121","EAR_EMTA_SEX_OCU_NB","SEX_F","OCU_ISCO08_TOTAL","2023",15058.111,,,"T30:121","R1:3513"
"IND","BA:14121","EAR_EMTA_SEX_OCU_NB","SEX_F","OCU_ISCO08_1","2023",40243.182,,,"T30:121","R1:3513"
"IND","BA:14121","EAR_EMTA_SEX_OCU_NB","SEX_F","OCU_ISCO08_2","2023",27941.044,,,"T30:121","R1:3513"
"IND","BA:14121","EAR_EMTA_SEX_OCU_NB","SEX_F","OCU_ISCO08_3","2023",15195.403,,,"T30:121","R1:3513"
"IND","BA:14121","EAR_EMTA_SEX_OCU_NB","SEX_F","OCU_ISCO08_4","2023",19516.188,,,"T30:121","R1:3513"
"IND","BA:14121","EAR_EMTA_SEX_OCU_NB","SEX_F","OCU_ISCO08_5","2023",9121.193,,,"T30:121","R1:3513"
"IND","BA:14121","EAR_EMTA_SEX_OCU_NB","SEX_F","OCU_ISCO08_6","2023",7432.446,,,"T30:121","R1:3513"
"IND","BA:14121","EAR_EMTA_SEX_OCU_NB","SEX_F","OCU_ISCO08_7","2023",9003.898,,,"T30:121","R1:3513"
"IND","BA:14121","EAR_EMTA_SEX_OCU_NB","SEX_F","OCU_ISCO08_8","2023",10447.322,,,"T30:121","R1:3513"
"IND","BA:14121","EAR_EMTA_SEX_OCU_NB","SEX_F","OCU_ISCO08_9","2023",6413.947,,,"T30:121","R1:3513"
"IND","BA:14121","EAR_EMTA_SEX_OCU_NB","SEX_O","OCU_ISCO08_TOTAL","2023",,"U",,"T30:121","R1:3513"
"IND","BA:14121","EAR_EMTA_SEX_OCU_NB","SEX_O","OCU_ISCO08_5","2023",,"U",,"T30:121","R1:3513"
"IND","BA:14121","EAR_EMTA_SEX_OCU_NB","SEX_T","OCU_SKILL_TOTAL","2022",18799.404,,,"T30:121","R1:3513"
"IND","BA:14121","EAR_EMTA_SEX_OCU_NB","SEX_T","OCU_SKILL_L3-4","2022",31013.715,,,"T30:121","R1:3513"
"IND","BA:14121","EAR_EMTA_SEX_OCU_NB","SEX_T","OCU_SKILL_L2","2022",14937.46,,,"T30:121","R1:3513"
"IND","BA:14121","EAR_EMTA_SEX_OCU_NB","SEX_T","OCU_SKILL_L1","2022",9058.23,,,"T30:121","R1:3513"
"IND","BA:14121","EAR_EMTA_SEX_OCU_NB","SEX_M","OCU_SKILL_TOTAL","2022",20268.842,,,"T30:121","R1:3513"
"IND","BA:14121","EAR_EMTA_SEX_OCU_NB","SEX_M","OCU_SKILL_L3-4","2022",34540.388,,,"T30:121","R1:3513"
"IND","BA:14121","EAR_EMTA_SEX_OCU_NB","SEX_M","OCU_SKILL_L2","2022",15617.187,,,"T30:121","R1:3513"
"IND","BA:14121","EAR_EMTA_SEX_OCU_NB","SEX_M","OCU_SKILL_L1","2022",11314.144,,,"T30:121","R1:3513"
"IND","BA:14121","EAR_EMTA_SEX_OCU_NB","SEX_F","OCU_SKILL_TOTAL","2022",14360.507,,,"T30:121","R1:3513"
"IND","BA:14121","EAR_EMTA_SEX_OCU_NB","SEX_F","OCU_SKILL_L3-4","2022",23508.124,,,"T30:121","R1:3513"
"IND","BA:14121","EAR_EMTA_SEX_OCU_NB","SEX_F","OCU_SKILL_L2","2022",10907.004,,,"T30:121","R1:3513"
"IND","BA:14121","EAR_EMTA_SEX_OCU_NB","SEX_F","OCU_SKILL_L1","2022",6049.624,,,"T30:121","R1:3513"
"IND","BA:14121","EAR_EMTA_SEX_OCU_NB","SEX_O","OCU_SKILL_TOTAL","2022",,"U",,"T30:121","R1:3513"
"IND","BA:14121","EAR_EMTA_SEX_OCU_NB","SEX_O","OCU_SKILL_L2","2022",,"U",,"T30:121","R1:3513"
"IND","BA:14121","EAR_EMTA_SEX_OCU_NB","SEX_T","OCU_ISCO08_TOTAL","2022",18799.404,,,"T30:121","R1:3513"
"IND","BA:14121","EAR_EMTA_SEX_OCU_NB","SEX_T","OCU_ISCO08_1","2022",41823.158,,,"T30:121","R1:3513"
"IND","BA:14121","EAR_EMTA_SEX_OCU_NB","SEX_T","OCU_ISCO08_2","2022",31747.402,,,"T30:121","R1:3513"
"IND","BA:14121","EAR_EMTA_SEX_OCU_NB","SEX_T","OCU_ISCO08_3","2022",23158.88,,,"T30:121","R1:3513"
"IND","BA:14121","EAR_EMTA_SEX_OCU_NB","SEX_T","OCU_ISCO08_4","2022",20860.809,,,"T30:121","R1:3513"
"IND","BA:14121","EAR_EMTA_SEX_OCU_NB","SEX_T","OCU_ISCO08_5","2022",13348.885,,,"T30:121","R1:3513"
"IND","BA:14121","EAR_EMTA_SEX_OCU_NB","SEX_T","OCU_ISCO08_6","2022",14137.524,,,"T30:121","R1:3513"
"IND","BA:14121","EAR_EMTA_SEX_OCU_NB","SEX_T","OCU_ISCO08_7","2022",13306.875,,,"T30:121","R1:3513"
"IND","BA:14121","EAR_EMTA_SEX_OCU_NB","SEX_T","OCU_ISCO08_8","2022",14699.135,,,"T30:121","R1:3513"
"IND","BA:14121","EAR_EMTA_SEX_OCU_NB","SEX_T","OCU_ISCO08_9","2022",9058.23,,,"T30:121","R1:3513"
"IND","BA:14121","EAR_EMTA_SEX_OCU_NB","SEX_M","OCU_ISCO08_TOTAL","2022",20268.842,,,"T30:121","R1:3513"
"IND","BA:14121","EAR_EMTA_SEX_OCU_NB","SEX_M","OCU_ISCO08_1","2022",41211.325,,,"T30:121","R1:3513"
"IND","BA:14121","EAR_EMTA_SEX_OCU_NB","SEX_M","OCU_ISCO08_2","2022",36213.636,,,"T30:121","R1:3513"
"IND","BA:14121","EAR_EMTA_SEX_OCU_NB","SEX_M","OCU_ISCO08_3","2022",26343.063,,,"T30:121","R1:3513"
"IND","BA:14121","EAR_EMTA_SEX_OCU_NB","SEX_M","OCU_ISCO08_4","2022",21743.614,,,"T30:121","R1:3513"
"IND","BA:14121","EAR_EMTA_SEX_OCU_NB","SEX_M","OCU_ISCO08_5","2022",14647.299,,,"T30:121","R1:3513"
"IND","BA:14121","EAR_EMTA_SEX_OCU_NB","SEX_M","OCU_ISCO08_6","2022",15798.56,,,"T30:121","R1:3513"
"IND","BA:14121","EAR_EMTA_SEX_OCU_NB","SEX_M","OCU_ISCO08_7","2022",13757.944,,,"T30:121","R1:3513"
"IND","BA:14121","EAR_EMTA_SEX_OCU_NB","SEX_M","OCU_ISCO08_8","2022",14879.009,,,"T30:121","R1:3513"
"IND","BA:14121","EAR_EMTA_SEX_OCU_NB","SEX_M","OCU_ISCO08_9","2022",11314.144,,,"T30:121","R1:3513"
"IND","BA:14121","EAR_EMTA_SEX_OCU_NB","SEX_F","OCU_ISCO08_TOTAL","2022",14360.507,,,"T30:121","R1:3513"
"IND","BA:14121","EAR_EMTA_SEX_OCU_NB","SEX_F","OCU_ISCO08_1","2022",44942.707,,,"T30:121","R1:3513"
"IND","BA:14121","EAR_EMTA_SEX_OCU_NB","SEX_F","OCU_ISCO08_2","2022",23944.945,,,"T30:121","R1:3513"
"IND","BA:14121","EAR_EMTA_SEX_OCU_NB","SEX_F","OCU_ISCO08_3","2022",15493.006,,,"T30:121","R1:3513"
"IND","BA:14121","EAR_EMTA_SEX_OCU_NB","SEX_F","OCU_ISCO08_4","2022",17732.519,,,"T30:121","R1:3513"
"IND","BA:14121","EAR_EMTA_SEX_OCU_NB","SEX_F","OCU_ISCO08_5","2022",8407.381,,,"T30:121","R1:3513"
"IND","BA:14121","EAR_EMTA_SEX_OCU_NB","SEX_F","OCU_ISCO08_6","2022",7958.839,,,"T30:121","R1:3513"
"IND","BA:14121","EAR_EMTA_SEX_OCU_NB","SEX_F","OCU_ISCO08_7","2022",8745.67,,,"T30:121","R1:3513"
"IND","BA:14121","EAR_EMTA_SEX_OCU_NB","SEX_F","OCU_ISCO08_8","2022",9399.085,,,"T30:121","R1:3513"
"IND","BA:14121","EAR_EMTA_SEX_OCU_NB","SEX_F","OCU_ISCO08_9","2022",6049.624,,,"T30:121","R1:3513"
"IND","BA:14121","EAR_EMTA_SEX_OCU_NB","SEX_O","OCU_ISCO08_TOTAL","2022",,"U",,"T30:121","R1:3513"
"IND","BA:14121","EAR_EMTA_SEX_OCU_NB","SEX_O","OCU_ISCO08_5","2022",,"U",,"T30:121","R1:3513"
"IND","BA:14121","EAR_EMTA_SEX_OCU_NB","SEX_T","OCU_SKILL_TOTAL","2021",17583.076,,,"T30:121","R1:3513"
"IND","BA:14121","EAR_EMTA_SEX_OCU_NB","SEX_T","OCU_SKILL_L3-4","2021",28507.2,,,"T30:121","R1:3513"
"IND","BA:14121","EAR_EMTA_SEX_OCU_NB","SEX_T","OCU_SKILL_L2","2021",14495.855,,,"T30:121","R1:3513"
"IND","BA:14121","EAR_EMTA_SEX_OCU_NB","SEX_T","OCU_SKILL_L1","2021",8613.992,,,"T30:121","R1:3513"
"IND","BA:14121","EAR_EMTA_SEX_OCU_NB","SEX_M","OCU_SKILL_TOTAL","2021",19036.947,,,"T30:121","R1:3513"
"IND","BA:14121","EAR_EMTA_SEX_OCU_NB","SEX_M","OCU_SKILL_L3-4","2021",31431.716,,,"T30:121","R1:3513"
"IND","BA:14121","EAR_EMTA_SEX_OCU_NB","SEX_M","OCU_SKILL_L2","2021",15209.148,,,"T30:121","R1:3513"
"IND","BA:14121","EAR_EMTA_SEX_OCU_NB","SEX_M","OCU_SKILL_L1","2021",10731.29,,,"T30:121","R1:3513"
"IND","BA:14121","EAR_EMTA_SEX_OCU_NB","SEX_F","OCU_SKILL_TOTAL","2021",13228.623,,,"T30:121","R1:3513"
"IND","BA:14121","EAR_EMTA_SEX_OCU_NB","SEX_F","OCU_SKILL_L3-4","2021",22009.177,,,"T30:121","R1:3513"
"IND","BA:14121","EAR_EMTA_SEX_OCU_NB","SEX_F","OCU_SKILL_L2","2021",10443.448,,,"T30:121","R1:3513"
"IND","BA:14121","EAR_EMTA_SEX_OCU_NB","SEX_F","OCU_SKILL_L1","2021",5743.623,,,"T30:121","R1:3513"
"IND","BA:14121","EAR_EMTA_SEX_OCU_NB","SEX_O","OCU_SKILL_TOTAL","2021",,"U",,"T30:121","R1:3513"
"IND","BA:14121","EAR_EMTA_SEX_OCU_NB","SEX_O","OCU_SKILL_L3-4","2021",,"U",,"T30:121","R1:3513"
"IND","BA:14121","EAR_EMTA_SEX_OCU_NB","SEX_O","OCU_SKILL_L2","2021",,"U",,"T30:121","R1:3513"
"IND","BA:14121","EAR_EMTA_SEX_OCU_NB","SEX_T","OCU_SKILL_TOTAL","2020",17037.051,,,"T30:121","R1:3513"
"IND","BA:14121","EAR_EMTA_SEX_OCU_NB","SEX_T","OCU_SKILL_L3-4","2020",28312.342,,,"T30:121","R1:3513"
"IND","BA:14121","EAR_EMTA_SEX_OCU_NB","SEX_T","OCU_SKILL_L2","2020",13961.125,,,"T30:121","R1:3513"
"IND","BA:14121","EAR_EMTA_SEX_OCU_NB","SEX_T","OCU_SKILL_L1","2020",8429.715,,,"T30:121","R1:3513"
"IND","BA:14121","EAR_EMTA_SEX_OCU_NB","SEX_T","OCU_SKILL_X","2020",20737.731,,,"T30:121","R1:3513"
"IND","BA:14121","EAR_EMTA_SEX_OCU_NB","SEX_M","OCU_SKILL_TOTAL","2020",18428.805,,,"T30:121","R1:3513"
"IND","BA:14121","EAR_EMTA_SEX_OCU_NB","SEX_M","OCU_SKILL_L3-4","2020",31781.272,,,"T30:121","R1:3513"
"IND","BA:14121","EAR_EMTA_SEX_OCU_NB","SEX_M","OCU_SKILL_L2","2020",14643.367,,,"T30:121","R1:3513"
"IND","BA:14121","EAR_EMTA_SEX_OCU_NB","SEX_M","OCU_SKILL_L1","2020",10304.48,,,"T30:121","R1:3513"
"IND","BA:14121","EAR_EMTA_SEX_OCU_NB","SEX_M","OCU_SKILL_X","2020",21306.591,,,"T30:121","R1:3513"
"IND","BA:14121","EAR_EMTA_SEX_OCU_NB","SEX_F","OCU_SKILL_TOTAL","2020",12780.065,,,"T30:121","R1:3513"
"IND","BA:14121","EAR_EMTA_SEX_OCU_NB","SEX_F","OCU_SKILL_L3-4","2020",21027.805,,,"T30:121","R1:3513"
"IND","BA:14121","EAR_EMTA_SEX_OCU_NB","SEX_F","OCU_SKILL_L2","2020",10009.95,,,"T30:121","R1:3513"
"IND","BA:14121","EAR_EMTA_SEX_OCU_NB","SEX_F","OCU_SKILL_L1","2020",5602.508,,,"T30:121","R1:3513"
"IND","BA:14121","EAR_EMTA_SEX_OCU_NB","SEX_F","OCU_SKILL_X","2020",17550.681,,,"T30:121","R1:3513"
"IND","BA:14121","EAR_EMTA_SEX_OCU_NB","SEX_O","OCU_SKILL_TOTAL","2020",,"U",,"T30:121","R1:3513"
"IND","BA:14121","EAR_EMTA_SEX_OCU_NB","SEX_O","OCU_SKILL_L3-4","2020",,"U",,"T30:121","R1:3513"
"IND","BA:14121","EAR_EMTA_SEX_OCU_NB","SEX_O","OCU_SKILL_L2","2020",,"U",,"T30:121","R1:3513"
"IND","BA:14121","EAR_EMTA_SEX_OCU_NB","SEX_T","OCU_ISCO88_TOTAL","2020",17037.051,,,"T30:121","R1:3513"
"IND","BA:14121","EAR_EMTA_SEX_OCU_NB","SEX_T","OCU_ISCO88_1","2020",38277.443,,,"T30:121","R1:3513"
"IND","BA:14121","EAR_EMTA_SEX_OCU_NB","SEX_T","OCU_ISCO88_2","2020",30420.282,,,"T30:121","R1:3513"
"IND","BA:14121","EAR_EMTA_SEX_OCU_NB","SEX_T","OCU_ISCO88_3","2020",22179.471,,,"T30:121","R1:3513"
"IND","BA:14121","EAR_EMTA_SEX_OCU_NB","SEX_T","OCU_ISCO88_4","2020",19916.932,,,"T30:121","R1:3513"
"IND","BA:14121","EAR_EMTA_SEX_OCU_NB","SEX_T","OCU_ISCO88_5","2020",12544.474,,,"T30:121","R1:3513"
"IND","BA:14121","EAR_EMTA_SEX_OCU_NB","SEX_T","OCU_ISCO88_6","2020",12056.353,,,"T30:121","R1:3513"
"IND","BA:14121","EAR_EMTA_SEX_OCU_NB","SEX_T","OCU_ISCO88_7","2020",12836.743,,,"T30:121","R1:3513"
"IND","BA:14121","EAR_EMTA_SEX_OCU_NB","SEX_T","OCU_ISCO88_8","2020",13375.192,,,"T30:121","R1:3513"
"IND","BA:14121","EAR_EMTA_SEX_OCU_NB","SEX_T","OCU_ISCO88_9","2020",8429.715,,,"T30:121","R1:3513"
"IND","BA:14121","EAR_EMTA_SEX_OCU_NB","SEX_T","OCU_ISCO88_X","2020",20737.731,,,"T30:121","R1:3513"
"IND","BA:14121","EAR_EMTA_SEX_OCU_NB","SEX_M","OCU_ISCO88_TOTAL","2020",18428.805,,,"T30:121","R1:3513"
"IND","BA:14121","EAR_EMTA_SEX_OCU_NB","SEX_M","OCU_ISCO88_1","2020",39256.827,,,"T30:121","R1:3513"
"IND","BA:14121","EAR_EMTA_SEX_OCU_NB","SEX_M","OCU_ISCO88_2","2020",32721.455,,,"T30:121","R1:3513"
"IND","BA:14121","EAR_EMTA_SEX_OCU_NB","SEX_M","OCU_ISCO88_3","2020",26242.263,,,"T30:121","R1:3513"
"IND","BA:14121","EAR_EMTA_SEX_OCU_NB","SEX_M","OCU_ISCO88_4","2020",20621.628,,,"T30:121","R1:3513"
"IND","BA:14121","EAR_EMTA_SEX_OCU_NB","SEX_M","OCU_ISCO88_5","2020",13730.068,,,"T30:121","R1:3513"
"IND","BA:14121","EAR_EMTA_SEX_OCU_NB","SEX_M","OCU_ISCO88_6","2020",12491.045,,,"T30:121","R1:3513"
"IND","BA:14121","EAR_EMTA_SEX_OCU_NB","SEX_M","OCU_ISCO88_7","2020",13543.567,,,"T30:121","R1:3513"
"IND","BA:14121","EAR_EMTA_SEX_OCU_NB","SEX_M","OCU_ISCO88_8","2020",13649.555,,,"T30:121","R1:3513"
"IND","BA:14121","EAR_EMTA_SEX_OCU_NB","SEX_M","OCU_ISCO88_9","2020",10304.48,,,"T30:121","R1:3513"
"IND","BA:14121","EAR_EMTA_SEX_OCU_NB","SEX_M","OCU_ISCO88_X","2020",21306.591,,,"T30:121","R1:3513"
"IND","BA:14121","EAR_EMTA_SEX_OCU_NB","SEX_F","OCU_ISCO88_TOTAL","2020",12780.065,,,"T30:121","R1:3513"
"IND","BA:14121","EAR_EMTA_SEX_OCU_NB","SEX_F","OCU_ISCO88_1","2020",31208.832,,,"T30:121","R1:3513"
"IND","BA:14121","EAR_EMTA_SEX_OCU_NB","SEX_F","OCU_ISCO88_2","2020",25437.75,,,"T30:121","R1:3513"
"IND","BA:14121","EAR_EMTA_SEX_OCU_NB","SEX_F","OCU_ISCO88_3","2020",16316.376,,,"T30:121","R1:3513"
"IND","BA:14121","EAR_EMTA_SEX_OCU_NB","SEX_F","OCU_ISCO88_4","2020",17187.124,,,"T30:121","R1:3513"
"IND","BA:14121","EAR_EMTA_SEX_OCU_NB","SEX_F","OCU_ISCO88_5","2020",8089.668,,,"T30:121","R1:3513"
"IND","BA:14121","EAR_EMTA_SEX_OCU_NB","SEX_F","OCU_ISCO88_6","2020",8110.457,,,"T30:121","R1:3513"
"IND","BA:14121","EAR_EMTA_SEX_OCU_NB","SEX_F","OCU_ISCO88_7","2020",7605.95,,,"T30:121","R1:3513"
"IND","BA:14121","EAR_EMTA_SEX_OCU_NB","SEX_F","OCU_ISCO88_8","2020",8442.148,,,"T30:121","R1:3513"
"IND","BA:14121","EAR_EMTA_SEX_OCU_NB","SEX_F","OCU_ISCO88_9","2020",5602.508,,,"T30:121","R1:3513"
"IND","BA:14121","EAR_EMTA_SEX_OCU_NB","SEX_F","OCU_ISCO88_X","2020",17550.681,,,"T30:121","R1:3513"
"IND","BA:14121","EAR_EMTA_SEX_OCU_NB","SEX_O","OCU_ISCO88_TOTAL","2020",,"U",,"T30:121","R1:3513"
"IND","BA:14121","EAR_EMTA_SEX_OCU_NB","SEX_O","OCU_ISCO88_2","2020",,"U",,"T30:121","R1:3513"
"IND","BA:14121","EAR_EMTA_SEX_OCU_NB","SEX_O","OCU_ISCO88_5","2020",,"U",,"T30:121","R1:3513"
"IND","BA:14121","EAR_EMTA_SEX_OCU_NB","SEX_O","OCU_ISCO88_8","2020",,"U",,"T30:121","R1:3513"
"IND","BA:14121","EAR_EMTA_SEX_OCU_NB","SEX_T","OCU_SKILL_TOTAL","2019",15799.338,,,"T30:121","R1:3513"
"IND","BA:14121","EAR_EMTA_SEX_OCU_NB","SEX_T","OCU_SKILL_L3-4","2019",25647.399,,,"T30:121","R1:3513"
"IND","BA:14121","EAR_EMTA_SEX_OCU_NB","SEX_T","OCU_SKILL_L2","2019",12961.799,,,"T30:121","R1:3513"
"IND","BA:14121","EAR_EMTA_SEX_OCU_NB","SEX_T","OCU_SKILL_L1","2019",8019.796,,,"T30:121","R1:3513"
"IND","BA:14121","EAR_EMTA_SEX_OCU_NB","SEX_T","OCU_SKILL_X","2019",15099.014,,,"T30:121","R1:3513"
"IND","BA:14121","EAR_EMTA_SEX_OCU_NB","SEX_M","OCU_SKILL_TOTAL","2019",17017.66,,,"T30:121","R1:3513"
"IND","BA:14121","EAR_EMTA_SEX_OCU_NB","SEX_M","OCU_SKILL_L3-4","2019",28577.32,,,"T30:121","R1:3513"
"IND","BA:14121","EAR_EMTA_SEX_OCU_NB","SEX_M","OCU_SKILL_L2","2019",13708.426,,,"T30:121","R1:3513"
"IND","BA:14121","EAR_EMTA_SEX_OCU_NB","SEX_M","OCU_SKILL_L1","2019",9816.682,,,"T30:121","R1:3513"
"IND","BA:14121","EAR_EMTA_SEX_OCU_NB","SEX_M","OCU_SKILL_X","2019",16331.409,,,"T30:121","R1:3513"
"IND","BA:14121","EAR_EMTA_SEX_OCU_NB","SEX_F","OCU_SKILL_TOTAL","2019",12150.884,,,"T30:121","R1:3513"
"IND","BA:14121","EAR_EMTA_SEX_OCU_NB","SEX_F","OCU_SKILL_L3-4","2019",19717.14,,,"T30:121","R1:3513"
"IND","BA:14121","EAR_EMTA_SEX_OCU_NB","SEX_F","OCU_SKILL_L2","2019",9104.478,,,"T30:121","R1:3513"
"IND","BA:14121","EAR_EMTA_SEX_OCU_NB","SEX_F","OCU_SKILL_L1","2019",5091.326,,,"T30:121","R1:3513"
"IND","BA:14121","EAR_EMTA_SEX_OCU_NB","SEX_F","OCU_SKILL_X","2019",12457.844,,,"T30:121","R1:3513"
"IND","BA:14121","EAR_EMTA_SEX_OCU_NB","SEX_O","OCU_SKILL_TOTAL","2019",42645.389,"U",,"T30:121","R1:3513"
"IND","BA:14121","EAR_EMTA_SEX_OCU_NB","SEX_O","OCU_SKILL_L3-4","2019",,"U",,"T30:121","R1:3513"
"IND","BA:14121","EAR_EMTA_SEX_OCU_NB","SEX_O","OCU_SKILL_L2","2019",7481.499,"U",,"T30:121","R1:3513"
"IND","BA:14121","EAR_EMTA_SEX_OCU_NB","SEX_T","OCU_ISCO88_TOTAL","2019",15799.338,,,"T30:121","R1:3513"
"IND","BA:14121","EAR_EMTA_SEX_OCU_NB","SEX_T","OCU_ISCO88_1","2019",35152.618,,,"T30:121","R1:3513"
"IND","BA:14121","EAR_EMTA_SEX_OCU_NB","SEX_T","OCU_ISCO88_2","2019",26876.642,,,"T30:121","R1:3513"
"IND","BA:14121","EAR_EMTA_SEX_OCU_NB","SEX_T","OCU_ISCO88_3","2019",21052.715,,,"T30:121","R1:3513"
"IND","BA:14121","EAR_EMTA_SEX_OCU_NB","SEX_T","OCU_ISCO88_4","2019",19391.143,,,"T30:121","R1:3513"
"IND","BA:14121","EAR_EMTA_SEX_OCU_NB","SEX_T","OCU_ISCO88_5","2019",11189.444,,,"T30:121","R1:3513"
"IND","BA:14121","EAR_EMTA_SEX_OCU_NB","SEX_T","OCU_ISCO88_6","2019",11047.014,,,"T30:121","R1:3513"
"IND","BA:14121","EAR_EMTA_SEX_OCU_NB","SEX_T","OCU_ISCO88_7","2019",11812.734,,,"T30:121","R1:3513"
"IND","BA:14121","EAR_EMTA_SEX_OCU_NB","SEX_T","OCU_ISCO88_8","2019",12571.971,,,"T30:121","R1:3513"
"IND","BA:14121","EAR_EMTA_SEX_OCU_NB","SEX_T","OCU_ISCO88_9","2019",8019.796,,,"T30:121","R1:3513"
"IND","BA:14121","EAR_EMTA_SEX_OCU_NB","SEX_T","OCU_ISCO88_X","2019",15099.014,,,"T30:121","R1:3513"
"IND","BA:14121","EAR_EMTA_SEX_OCU_NB","SEX_M","OCU_ISCO88_TOTAL","2019",17017.66,,,"T30:121","R1:3513"
"IND","BA:14121","EAR_EMTA_SEX_OCU_NB","SEX_M","OCU_ISCO88_1","2019",35093.883,,,"T30:121","R1:3513"
"IND","BA:14121","EAR_EMTA_SEX_OCU_NB","SEX_M","OCU_ISCO88_2","2019",28981.632,,,"T30:121","R1:3513"
"IND","BA:14121","EAR_EMTA_SEX_OCU_NB","SEX_M","OCU_ISCO88_3","2019",24857.717,,,"T30:121","R1:3513"
"IND","BA:14121","EAR_EMTA_SEX_OCU_NB","SEX_M","OCU_ISCO88_4","2019",19881.554,,,"T30:121","R1:3513"
"IND","BA:14121","EAR_EMTA_SEX_OCU_NB","SEX_M","OCU_ISCO88_5","2019",12475.818,,,"T30:121","R1:3513"
"IND","BA:14121","EAR_EMTA_SEX_OCU_NB","SEX_M","OCU_ISCO88_6","2019",12100.304,,,"T30:121","R1:3513"
"IND","BA:14121","EAR_EMTA_SEX_OCU_NB","SEX_M","OCU_ISCO88_7","2019",12762.924,,,"T30:121","R1:3513"
"IND","BA:14121","EAR_EMTA_SEX_OCU_NB","SEX_M","OCU_ISCO88_8","2019",12752.439,,,"T30:121","R1:3513"
"IND","BA:14121","EAR_EMTA_SEX_OCU_NB","SEX_M","OCU_ISCO88_9","2019",9816.682,,,"T30:121","R1:3513"
"IND","BA:14121","EAR_EMTA_SEX_OCU_NB","SEX_M","OCU_ISCO88_X","2019",16331.409,,,"T30:121","R1:3513"
"IND","BA:14121","EAR_EMTA_SEX_OCU_NB","SEX_F","OCU_ISCO88_TOTAL","2019",12150.884,,,"T30:121","R1:3513"
"IND","BA:14121","EAR_EMTA_SEX_OCU_NB","SEX_F","OCU_ISCO88_1","2019",35453.694,,,"T30:121","R1:3513"
"IND","BA:14121","EAR_EMTA_SEX_OCU_NB","SEX_F","OCU_ISCO88_2","2019",22661.447,,,"T30:121","R1:3513"
"IND","BA:14121","EAR_EMTA_SEX_OCU_NB","SEX_F","OCU_ISCO88_3","2019",15110.233,,,"T30:121","R1:3513"
"IND","BA:14121","EAR_EMTA_SEX_OCU_NB","SEX_F","OCU_ISCO88_4","2019",17610.808,,,"T30:121","R1:3513"
"IND","BA:14121","EAR_EMTA_SEX_OCU_NB","SEX_F","OCU_ISCO88_5","2019",7106.933,,,"T30:121","R1:3513"
"IND","BA:14121","EAR_EMTA_SEX_OCU_NB","SEX_F","OCU_ISCO88_6","2019",6336.508,,,"T30:121","R1:3513"
"IND","BA:14121","EAR_EMTA_SEX_OCU_NB","SEX_F","OCU_ISCO88_7","2019",5876.153,,,"T30:121","R1:3513"
"IND","BA:14121","EAR_EMTA_SEX_OCU_NB","SEX_F","OCU_ISCO88_8","2019",8179.966,,,"T30:121","R1:3513"
"IND","BA:14121","EAR_EMTA_SEX_OCU_NB","SEX_F","OCU_ISCO88_9","2019",5091.326,,,"T30:121","R1:3513"
"IND","BA:14121","EAR_EMTA_SEX_OCU_NB","SEX_F","OCU_ISCO88_X","2019",12457.844,,,"T30:121","R1:3513"
"IND","BA:14121","EAR_EMTA_SEX_OCU_NB","SEX_O","OCU_ISCO88_TOTAL","2019",42645.389,"U",,"T30:121","R1:3513"
"IND","BA:14121","EAR_EMTA_SEX_OCU_NB","SEX_O","OCU_ISCO88_2","2019",,"U",,"T30:121","R1:3513"
"IND","BA:14121","EAR_EMTA_SEX_OCU_NB","SEX_O","OCU_ISCO88_3","2019",,"U",,"T30:121","R1:3513"
"IND","BA:14121","EAR_EMTA_SEX_OCU_NB","SEX_O","OCU_ISCO88_4","2019",,"U",,"T30:121","R1:3513"
"IND","BA:14121","EAR_EMTA_SEX_OCU_NB","SEX_O","OCU_ISCO88_5","2019",,"U",,"T30:121","R1:3513"
"IND","BA:14121","EAR_EMTA_SEX_OCU_NB","SEX_O","OCU_ISCO88_7","2019",,"U",,"T30:121","R1:3513"
"IND","BA:14121","EAR_EMTA_SEX_OCU_NB","SEX_T","OCU_SKILL_TOTAL","2018",15678.987,,,"T30:121","R1:3513"
"IND","BA:14121","EAR_EMTA_SEX_OCU_NB","SEX_T","OCU_SKILL_L3-4","2018",25365.974,,,"T30:121","R1:3513"
"IND","BA:14121","EAR_EMTA_SEX_OCU_NB","SEX_T","OCU_SKILL_L2","2018",12432.951,,,"T30:121","R1:3513"
"IND","BA:14121","EAR_EMTA_SEX_OCU_NB","SEX_T","OCU_SKILL_L1","2018",7900.398,,,"T30:121","R1:3513"
"IND","BA:14121","EAR_EMTA_SEX_OCU_NB","SEX_T","OCU_SKILL_X","2018",7348.369,,,"T30:121","R1:3513"
"IND","BA:14121","EAR_EMTA_SEX_OCU_NB","SEX_M","OCU_SKILL_TOTAL","2018",16813.444,,,"T30:121","R1:3513"
"IND","BA:14121","EAR_EMTA_SEX_OCU_NB","SEX_M","OCU_SKILL_L3-4","2018",28259.084,,,"T30:121","R1:3513"
"IND","BA:14121","EAR_EMTA_SEX_OCU_NB","SEX_M","OCU_SKILL_L2","2018",13100.092,,,"T30:121","R1:3513"
"IND","BA:14121","EAR_EMTA_SEX_OCU_NB","SEX_M","OCU_SKILL_L1","2018",9503.465,,,"T30:121","R1:3513"
"IND","BA:14121","EAR_EMTA_SEX_OCU_NB","SEX_M","OCU_SKILL_X","2018",11225.734,,,"T30:121","R1:3513"
"IND","BA:14121","EAR_EMTA_SEX_OCU_NB","SEX_F","OCU_SKILL_TOTAL","2018",11861.509,,,"T30:121","R1:3513"
"IND","BA:14121","EAR_EMTA_SEX_OCU_NB","SEX_F","OCU_SKILL_L3-4","2018",18824.344,,,"T30:121","R1:3513"
"IND","BA:14121","EAR_EMTA_SEX_OCU_NB","SEX_F","OCU_SKILL_L2","2018",8478.84,,,"T30:121","R1:3513"
"IND","BA:14121","EAR_EMTA_SEX_OCU_NB","SEX_F","OCU_SKILL_L1","2018",4981.344,,,"T30:121","R1:3513"
"IND","BA:14121","EAR_EMTA_SEX_OCU_NB","SEX_F","OCU_SKILL_X","2018",2020.548,,,"T30:121","R1:3513"
"IND","BA:14121","EAR_EMTA_SEX_OCU_NB","SEX_O","OCU_SKILL_TOTAL","2018",6640.731,"U",,"T30:121","R1:3513"
"IND","BA:14121","EAR_EMTA_SEX_OCU_NB","SEX_O","OCU_SKILL_L3-4","2018",9563.854,"U",,"T30:121","R1:3513"
"IND","BA:14121","EAR_EMTA_SEX_OCU_NB","SEX_O","OCU_SKILL_L2","2018",,"U",,"T30:121","R1:3513"
"IND","BA:14121","EAR_EMTA_SEX_OCU_NB","SEX_T","OCU_ISCO88_TOTAL","2018",15678.987,,,"T30:121","R1:3513"
"IND","BA:14121","EAR_EMTA_SEX_OCU_NB","SEX_T","OCU_ISCO88_1","2018",32459.878,,,"T30:121","R1:3513"
"IND","BA:14121","EAR_EMTA_SEX_OCU_NB","SEX_T","OCU_ISCO88_2","2018",27934.119,,,"T30:121","R1:3513"
"IND","BA:14121","EAR_EMTA_SEX_OCU_NB","SEX_T","OCU_ISCO88_3","2018",20741.752,,,"T30:121","R1:3513"
"IND","BA:14121","EAR_EMTA_SEX_OCU_NB","SEX_T","OCU_ISCO88_4","2018",18645.79,,,"T30:121","R1:3513"
"IND","BA:14121","EAR_EMTA_SEX_OCU_NB","SEX_T","OCU_ISCO88_5","2018",10754.934,,,"T30:121","R1:3513"
"IND","BA:14121","EAR_EMTA_SEX_OCU_NB","SEX_T","OCU_ISCO88_6","2018",9756.504,,,"T30:121","R1:3513"
"IND","BA:14121","EAR_EMTA_SEX_OCU_NB","SEX_T","OCU_ISCO88_7","2018",11409.176,,,"T30:121","R1:3513"
"IND","BA:14121","EAR_EMTA_SEX_OCU_NB","SEX_T","OCU_ISCO88_8","2018",11898.395,,,"T30:121","R1:3513"
"IND","BA:14121","EAR_EMTA_SEX_OCU_NB","SEX_T","OCU_ISCO88_9","2018",7900.398,,,"T30:121","R1:3513"
"IND","BA:14121","EAR_EMTA_SEX_OCU_NB","SEX_T","OCU_ISCO88_X","2018",7348.369,,,"T30:121","R1:3513"
"IND","BA:14121","EAR_EMTA_SEX_OCU_NB","SEX_M","OCU_ISCO88_TOTAL","2018",16813.444,,,"T30:121","R1:3513"
"IND","BA:14121","EAR_EMTA_SEX_OCU_NB","SEX_M","OCU_ISCO88_1","2018",32828.647,,,"T30:121","R1:3513"
"IND","BA:14121","EAR_EMTA_SEX_OCU_NB","SEX_M","OCU_ISCO88_2","2018",30556.224,,,"T30:121","R1:3513"
"IND","BA:14121","EAR_EMTA_SEX_OCU_NB","SEX_M","OCU_ISCO88_3","2018",23909.426,,,"T30:121","R1:3513"
"IND","BA:14121","EAR_EMTA_SEX_OCU_NB","SEX_M","OCU_ISCO88_4","2018",19111.023,,,"T30:121","R1:3513"
"IND","BA:14121","EAR_EMTA_SEX_OCU_NB","SEX_M","OCU_ISCO88_5","2018",12117.774,,,"T30:121","R1:3513"
"IND","BA:14121","EAR_EMTA_SEX_OCU_NB","SEX_M","OCU_ISCO88_6","2018",10858.771,,,"T30:121","R1:3513"
"IND","BA:14121","EAR_EMTA_SEX_OCU_NB","SEX_M","OCU_ISCO88_7","2018",12052.643,,,"T30:121","R1:3513"
"IND","BA:14121","EAR_EMTA_SEX_OCU_NB","SEX_M","OCU_ISCO88_8","2018",12028.63,,,"T30:121","R1:3513"
"IND","BA:14121","EAR_EMTA_SEX_OCU_NB","SEX_M","OCU_ISCO88_9","2018",9503.465,,,"T30:121","R1:3513"
"IND","BA:14121","EAR_EMTA_SEX_OCU_NB","SEX_M","OCU_ISCO88_X","2018",11225.734,,,"T30:121","R1:3513"
"IND","BA:14121","EAR_EMTA_SEX_OCU_NB","SEX_F","OCU_ISCO88_TOTAL","2018",11861.509,,,"T30:121","R1:3513"
"IND","BA:14121","EAR_EMTA_SEX_OCU_NB","SEX_F","OCU_ISCO88_1","2018",29998.65,,,"T30:121","R1:3513"
"IND","BA:14121","EAR_EMTA_SEX_OCU_NB","SEX_F","OCU_ISCO88_2","2018",21868.097,,,"T30:121","R1:3513"
"IND","BA:14121","EAR_EMTA_SEX_OCU_NB","SEX_F","OCU_ISCO88_3","2018",15444.768,,,"T30:121","R1:3513"
"IND","BA:14121","EAR_EMTA_SEX_OCU_NB","SEX_F","OCU_ISCO88_4","2018",16623.306,,,"T30:121","R1:3513"
"IND","BA:14121","EAR_EMTA_SEX_OCU_NB","SEX_F","OCU_ISCO88_5","2018",6338.182,,,"T30:121","R1:3513"
"IND","BA:14121","EAR_EMTA_SEX_OCU_NB","SEX_F","OCU_ISCO88_6","2018",5445.04,,,"T30:121","R1:3513"
"IND","BA:14121","EAR_EMTA_SEX_OCU_NB","SEX_F","OCU_ISCO88_7","2018",6115.997,,,"T30:121","R1:3513"
"IND","BA:14121","EAR_EMTA_SEX_OCU_NB","SEX_F","OCU_ISCO88_8","2018",8033.79,,,"T30:121","R1:3513"
"IND","BA:14121","EAR_EMTA_SEX_OCU_NB","SEX_F","OCU_ISCO88_9","2018",4981.344,,,"T30:121","R1:3513"
"IND","BA:14121","EAR_EMTA_SEX_OCU_NB","SEX_F","OCU_ISCO88_X","2018",2020.548,,,"T30:121","R1:3513"
"IND","BA:14121","EAR_EMTA_SEX_OCU_NB","SEX_O","OCU_ISCO88_TOTAL","2018",6640.731,"U",,"T30:121","R1:3513"
"IND","BA:14121","EAR_EMTA_SEX_OCU_NB","SEX_O","OCU_ISCO88_2","2018",,"U",,"T30:121","R1:3513"
"IND","BA:14121","EAR_EMTA_SEX_OCU_NB","SEX_O","OCU_ISCO88_3","2018",,"U",,"T30:121","R1:3513"
"IND","BA:14121","EAR_EMTA_SEX_OCU_NB","SEX_O","OCU_ISCO88_5","2018",,"U",,"T30:121","R1:3513"
"IND","BA:14121","EAR_EMTA_SEX_OCU_NB","SEX_O","OCU_ISCO88_7","2018",,"U",,"T30:121","R1:3513"
"IND","BX:2228","EAR_EMTA_SEX_OCU_NB","SEX_T","OCU_ISCO88_TOTAL","2012",11910.637,,,"T30:121","R1:3513"
"IND","BX:2228","EAR_EMTA_SEX_OCU_NB","SEX_T","OCU_ISCO88_0","2012",11910.637,,,"T30:121","R1:3513"
"IND","BX:2228","EAR_EMTA_SEX_OCU_NB","SEX_M","OCU_ISCO88_TOTAL","2012",12562.921,,,"T30:121","R1:3513"
"IND","BX:2228","EAR_EMTA_SEX_OCU_NB","SEX_M","OCU_ISCO88_0","2012",12562.921,,,"T30:121","R1:3513"
"IND","BX:2228","EAR_EMTA_SEX_OCU_NB","SEX_F","OCU_ISCO88_TOTAL","2012",9220.648,,,"T30:121","R1:3513"
"IND","BX:2228","EAR_EMTA_SEX_OCU_NB","SEX_F","OCU_ISCO88_0","2012",9220.648,,,"T30:121","R1:3513"
"IND","BX:2228","EAR_EMTA_SEX_OCU_NB","SEX_T","OCU_SKILL_TOTAL","2010",9585.423,,,"T30:121","R1:3513"
"IND","BX:2228","EAR_EMTA_SEX_OCU_NB","SEX_T","OCU_SKILL_L3-4","2010",16337.877,,,"T30:121","R1:3513"
"IND","BX:2228","EAR_EMTA_SEX_OCU_NB","SEX_T","OCU_SKILL_L2","2010",7502.89,,,"T30:121","R1:3513"
"IND","BX:2228","EAR_EMTA_SEX_OCU_NB","SEX_T","OCU_SKILL_L1","2010",4543.038,,,"T30:121","R1:3513"
"IND","BX:2228","EAR_EMTA_SEX_OCU_NB","SEX_T","OCU_SKILL_X","2010",4471.837,,,"T30:121","R1:3513"
"IND","BX:2228","EAR_EMTA_SEX_OCU_NB","SEX_M","OCU_SKILL_TOTAL","2010",10027.428,,,"T30:121","R1:3513"
"IND","BX:2228","EAR_EMTA_SEX_OCU_NB","SEX_M","OCU_SKILL_L3-4","2010",18320.461,,,"T30:121","R1:3513"
"IND","BX:2228","EAR_EMTA_SEX_OCU_NB","SEX_M","OCU_SKILL_L2","2010",7604.559,,,"T30:121","R1:3513"
"IND","BX:2228","EAR_EMTA_SEX_OCU_NB","SEX_M","OCU_SKILL_L1","2010",5213.991,,,"T30:121","R1:3513"
"IND","BX:2228","EAR_EMTA_SEX_OCU_NB","SEX_M","OCU_SKILL_X","2010",6175.349,,,"T30:121","R1:3513"
"IND","BX:2228","EAR_EMTA_SEX_OCU_NB","SEX_F","OCU_SKILL_TOTAL","2010",7604.418,,,"T30:121","R1:3513"
"IND","BX:2228","EAR_EMTA_SEX_OCU_NB","SEX_F","OCU_SKILL_L3-4","2010",11063.054,,,"T30:121","R1:3513"
"IND","BX:2228","EAR_EMTA_SEX_OCU_NB","SEX_F","OCU_SKILL_L2","2010",6646.875,,,"T30:121","R1:3513"
"IND","BX:2228","EAR_EMTA_SEX_OCU_NB","SEX_F","OCU_SKILL_L1","2010",2779.501,,,"T30:121","R1:3513"
"IND","BX:2228","EAR_EMTA_SEX_OCU_NB","SEX_F","OCU_SKILL_X","2010",2876.033,,,"T30:121","R1:3513"
"IND","BX:2228","EAR_EMTA_SEX_OCU_NB","SEX_T","OCU_ISCO88_TOTAL","2010",9585.423,,,"T30:121","R1:3513"
"IND","BX:2228","EAR_EMTA_SEX_OCU_NB","SEX_T","OCU_ISCO88_1","2010",26033.92,,,"T30:121","R1:3513"
"IND","BX:2228","EAR_EMTA_SEX_OCU_NB","SEX_T","OCU_ISCO88_2","2010",17720.597,,,"T30:121","R1:3513"
"IND","BX:2228","EAR_EMTA_SEX_OCU_NB","SEX_T","OCU_ISCO88_3","2010",12498.869,,,"T30:121","R1:3513"
"IND","BX:2228","EAR_EMTA_SEX_OCU_NB","SEX_T","OCU_ISCO88_4","2010",11641.994,,,"T30:121","R1:3513"
"IND","BX:2228","EAR_EMTA_SEX_OCU_NB","SEX_T","OCU_ISCO88_5","2010",6523.293,,,"T30:121","R1:3513"
"IND","BX:2228","EAR_EMTA_SEX_OCU_NB","SEX_T","OCU_ISCO88_6","2010",4530.282,,,"T30:121","R1:3513"
"IND","BX:2228","EAR_EMTA_SEX_OCU_NB","SEX_T","OCU_ISCO88_7","2010",6191.373,,,"T30:121","R1:3513"
"IND","BX:2228","EAR_EMTA_SEX_OCU_NB","SEX_T","OCU_ISCO88_8","2010",6891.367,,,"T30:121","R1:3513"
"IND","BX:2228","EAR_EMTA_SEX_OCU_NB","SEX_T","OCU_ISCO88_9","2010",4543.038,,,"T30:121","R1:3513"
"IND","BX:2228","EAR_EMTA_SEX_OCU_NB","SEX_T","OCU_ISCO88_X","2010",4471.837,,,"T30:121","R1:3513"
"IND","BX:2228","EAR_EMTA_SEX_OCU_NB","SEX_M","OCU_ISCO88_TOTAL","2010",10027.428,,,"T30:121","R1:3513"
"IND","BX:2228","EAR_EMTA_SEX_OCU_NB","SEX_M","OCU_ISCO88_1","2010",25909.041,,,"T30:121","R1:3513"
"IND","BX:2228","EAR_EMTA_SEX_OCU_NB","SEX_M","OCU_ISCO88_2","2010",19289.288,,,"T30:121","R1:3513"
"IND","BX:2228","EAR_EMTA_SEX_OCU_NB","SEX_M","OCU_ISCO88_3","2010",14467.612,,,"T30:121","R1:3513"
"IND","BX:2228","EAR_EMTA_SEX_OCU_NB","SEX_M","OCU_ISCO88_4","2010",11780.352,,,"T30:121","R1:3513"
"IND","BX:2228","EAR_EMTA_SEX_OCU_NB","SEX_M","OCU_ISCO88_5","2010",6700.221,,,"T30:121","R1:3513"
"IND","BX:2228","EAR_EMTA_SEX_OCU_NB","SEX_M","OCU_ISCO88_6","2010",4888.241,,,"T30:121","R1:3513"
"IND","BX:2228","EAR_EMTA_SEX_OCU_NB","SEX_M","OCU_ISCO88_7","2010",6442.096,,,"T30:121","R1:3513"
"IND","BX:2228","EAR_EMTA_SEX_OCU_NB","SEX_M","OCU_ISCO88_8","2010",6920.496,,,"T30:121","R1:3513"
"IND","BX:2228","EAR_EMTA_SEX_OCU_NB","SEX_M","OCU_ISCO88_9","2010",5213.991,,,"T30:121","R1:3513"
"IND","BX:2228","EAR_EMTA_SEX_OCU_NB","SEX_M","OCU_ISCO88_X","2010",6175.349,,,"T30:121","R1:3513"
"IND","BX:2228","EAR_EMTA_SEX_OCU_NB","SEX_F","OCU_ISCO88_TOTAL","2010",7604.418,,,"T30:121","R1:3513"
"IND","BX:2228","EAR_EMTA_SEX_OCU_NB","SEX_F","OCU_ISCO88_1","2010",27714.365,,,"T30:121","R1:3513"
"IND","BX:2228","EAR_EMTA_SEX_OCU_NB","SEX_F","OCU_ISCO88_2","2010",13468.423,,,"T30:121","R1:3513"
"IND","BX:2228","EAR_EMTA_SEX_OCU_NB","SEX_F","OCU_ISCO88_3","2010",8578.297,,,"T30:121","R1:3513"
"IND","BX:2228","EAR_EMTA_SEX_OCU_NB","SEX_F","OCU_ISCO88_4","2010",10919.126,,,"T30:121","R1:3513"
"IND","BX:2228","EAR_EMTA_SEX_OCU_NB","SEX_F","OCU_ISCO88_5","2010",5526.344,,,"T30:121","R1:3513"
"IND","BX:2228","EAR_EMTA_SEX_OCU_NB","SEX_F","OCU_ISCO88_6","2010",2491.453,,,"T30:121","R1:3513"
"IND","BX:2228","EAR_EMTA_SEX_OCU_NB","SEX_F","OCU_ISCO88_7","2010",3323.326,,,"T30:121","R1:3513"
"IND","BX:2228","EAR_EMTA_SEX_OCU_NB","SEX_F","OCU_ISCO88_8","2010",5916.883,,,"T30:121","R1:3513"
"IND","BX:2228","EAR_EMTA_SEX_OCU_NB","SEX_F","OCU_ISCO88_9","2010",2779.501,,,"T30:121","R1:3513"
"IND","BX:2228","EAR_EMTA_SEX_OCU_NB","SEX_F","OCU_ISCO88_X","2010",2876.033,,,"T30:121","R1:3513"
